,DATE,OUTFLOW,INFLOW,CATEGORY,ACCOUNT,MEMO,STATUS,UUID
,01/12/2020,"€0,00","€5,00",,💰 Checking,,✅,
,02/12/2020,"€1,50","€0,00",,💰 Checking,,✅,
,03/12/2020,"€14,67","€0,00",,💰 Checking,,✅,
,04/12/2020,"€15,00","€50,00",,💰 Checking,,✅,
,06/12/2020,"€0,00","€684,82",➡️ Starting Balance,💰 Checking,Prenda Tios fim do curso + Prenda Mãe fim do curso,✅,
,07/12/2020,"€21,00","€0,00",G,💰 Checking,G Salty,✅,
,08/12/2020,"€0,00","€8,00",Available to budget,💰 Checking,,✅,
,09/12/2020,"€10,00","€0,00",Available to budget,💰 Checking,,✅,
,10/12/2020,"€0,00","€4,00",Available to budget,💰 Checking,,✅,
,11/12/2020,"€0,00","€8,00",Available to budget,💰 Checking,,✅,
,12/12/2020,"€0,00","€1,25",Available to budget,💰 Checking,,✅,
,13/12/2020,"€14,00","€0,00",Fun Money,💰 Checking,Transf Salty,✅,
,14/12/2020,"€0,50","€0,00",Available to budget,💰 Checking,,✅,
,15/12/2020,"€0,00","€14,00",Fun Money,💰 Checking,Transf Salty,✅,
,16/12/2020,"€12,00","€0,00",Available to budget,💰 Checking,,✅,
,17/12/2020,"€0,00","€35,00",Available to budget,💰 Checking,,✅,
,18/12/2020,"€50,00","€0,00",Available to budget,💰 Checking,,✅,
,19/12/2020,"€0,00","€50,00",Available to budget,💰 Checking,,✅,
,20/12/2020,"€150,00","€0,00",Fun Money,💰 Checking,Televisão,✅,
,21/12/2020,"€90,00","€0,00",Fun Money,💰 Checking,Televisão,✅,
,22/12/2020,"€0,00","€125,00",Available to budget,💰 Checking,Servomotor,✅,
,23/12/2020,"€11,17","€0,00",Available to budget,💰 Checking,,✅,
,24/12/2020,"€41,56","€0,00",Available to budget,💰 Checking,,✅,
,25/12/2020,"€0,00","€41,56",Available to budget,💰 Checking,,✅,
,26/12/2020,"€16,00","€0,00",Available to budget,💰 Checking,,✅,
,27/12/2020,"€87,93","€80,00",Available to budget,💰 Checking,Prenda Tio Mário,✅,
,28/12/2020,"€0,00","€15,00",Available to budget,💰 Checking,,✅,
,29/12/2020,"€14,95","€150,00",Available to budget,💰 Checking,Prenda de Natal Mãe,✅,
,30/12/2020,"€10,98","€110,00",Available to budget,💰 Checking,Servomotor,✅,
,31/12/2020,"€120,00","€594,22",Available to budget,💰 Checking,Servomotor Abílio + Vencimento,✅,
,01/01/2021,"€0,00","€0,00",Available to budget,💰 Checking,,✅,
,02/01/2021,"€0,00","€0,00",Available to budget,💰 Checking,,✅,
,03/01/2021,"€0,00","€0,00",↕️ Account Transfer,💰 Checking,,✅,
,04/01/2021,"€0,00","€0,00",↕️ Account Transfer,💰 Checking,,✅,
,05/01/2021,"€0,00","€0,00",↕️ Account Transfer,💰 Checking,,✅,
,06/01/2021,"€5,00","€0,00",Available to budget,💰 Checking,,✅,
,07/01/2021,"€200,00","€0,00",Available to budget,💰 Checking,Revolut (Ações/Cripto),✅,
,07/01/2021,"€0,00","€200,00",➡️ Starting Balance,💳 Revolut,Revolut (Ações/Cripto),✅,
,08/01/2021,"€0,00","€0,00",↕️ Account Transfer,💰 Checking,,✅,
,09/01/2021,"€10,00","€0,00",Available to budget,💰 Checking,,✅,
,10/01/2021,"€0,00","€0,00",↕️ Account Transfer,💰 Checking,,✅,
,11/01/2021,"€14,00","€0,00",G,💰 Checking,G,✅,
,12/01/2021,"€0,00","€0,00",↕️ Account Transfer,💰 Checking,,✅,
,13/01/2021,"€0,00","€43,49",Available to budget,💰 Checking,Devolução Massajador,✅,
,14/01/2021,"€12,80","€0,00",Available to budget,💰 Checking,Fatia da Rita - Massajador,✅,
,15/01/2021,"€11,00","€0,00",Cell Phone Bill,💰 Checking,Mensalidade 91,✅,
,16/01/2021,"€0,00","€0,00",↕️ Account Transfer,💰 Checking,,✅,
,17/01/2021,"€0,00","€0,00",↕️ Account Transfer,💰 Checking,,✅,
,18/01/2021,"€15,35","€0,00",Fun Money,💰 Checking,10 paus Amberleaf + Prenda Pati,✅,
,19/01/2021,"€25,00","€0,00",Clothing,💰 Checking,Suspensórios,✅,
,20/01/2021,"€227,99","€122,97",Fun Money,💰 Checking,WH-1000xm3,✅,
,21/01/2021,"€0,00","€0,00",↕️ Account Transfer,💰 Checking,,✅,
,22/01/2021,"€14,00","€0,00",G,💰 Checking,G,✅,
,23/01/2021,"€0,00","€0,00",↕️ Account Transfer,💰 Checking,,✅,
,24/01/2021,"€0,00","€0,00",↕️ Account Transfer,💰 Checking,,✅,
,25/01/2021,"€0,00","€0,00",↕️ Account Transfer,💰 Checking,,✅,
,26/01/2021,"€15,00","€0,00",Available to budget,💰 Checking,Ações Nokia,✅,
,27/01/2021,"€0,00","€0,00",↕️ Account Transfer,💰 Checking,,✅,
,28/01/2021,"€249,70","€0,00",Fun Money,💰 Checking,WH-1000xm4,✅,
,29/01/2021,"€1,04","€1 133,98",Available to budget,💰 Checking,Manutenção Conta + Devolução WH-1000xm3 + Vencimento,✅,
,30/01/2021,"€0,00","€40,00",Available to budget,💰 Checking,40 paus mãe,✅,
,31/01/2021,"€1 600,00","€0,00",Available to budget,💰 Checking,Poupanças Revo,✅,
,31/01/2021,"€0,00","€1 600,00",Available to budget,💳 Revolut,Poupanças BCP -> Revo,✅,
,01/02/2021,"€0,00","€0,00",↕️ Account Transfer,💰 Checking,,✅,
,02/02/2021,"€0,00","€0,00",↕️ Account Transfer,💰 Checking,,✅,
,03/02/2021,"€17,00","€0,00",G,💰 Checking,W,✅,
,04/02/2021,"€0,00","€0,00",↕️ Account Transfer,💰 Checking,,✅,
,05/02/2021,"€0,00","€0,00",↕️ Account Transfer,💰 Checking,,✅,
,06/02/2021,"€1,49","€0,00",Girlfriend,💰 Checking,Kinder Manuela,✅,
,07/02/2021,"€10,00","€0,00",Fun Money,💰 Checking,Bet,✅,
,08/02/2021,"€1 405,00","€0,00",Crypto,💰 Checking,Ethereum,✅,
,09/02/2021,"€0,00","€0,00",↕️ Account Transfer,💰 Checking,,✅,
,10/02/2021,"€0,00","€0,00",↕️ Account Transfer,💰 Checking,,✅,
,11/02/2021,"€0,00","€0,00",↕️ Account Transfer,💰 Checking,,✅,
,12/02/2021,"€0,00","€0,00",↕️ Account Transfer,💰 Checking,,✅,
,13/02/2021,"€0,00","€0,00",↕️ Account Transfer,💰 Checking,,✅,
,14/02/2021,"€0,00","€0,00",↕️ Account Transfer,💰 Checking,,✅,
,15/02/2021,"€0,00","€0,00",↕️ Account Transfer,💰 Checking,,✅,
,16/02/2021,"€10,00","€0,00",Fun Money,💰 Checking,Levantamento,✅,
,17/02/2021,"€11,00","€0,00",Cell Phone Bill,💰 Checking,Tarifário Yorn,✅,
,18/02/2021,"€0,00","€15,00",Available to budget,💰 Checking,Olx - Tinteiros,✅,
,19/02/2021,"€250,00","€0,00",Available to budget,💰 Checking,Revo,✅,
,19/02/2021,"€0,00","€250,00",Available to budget,💳 Revolut,Transf BCP -> Revo,✅,
,20/02/2021,"€0,00","€1,15",Fun Money,💰 Checking,Super cola + broa,✅,
,21/02/2021,"€20,00","€0,00",G,💰 Checking,G,✅,
,22/02/2021,"€0,00","€10,00",G,💰 Checking,G ao Rui,✅,
,23/02/2021,"€0,00","€0,00",↕️ Account Transfer,💰 Checking,,✅,
,24/02/2021,"€0,00","€0,00",↕️ Account Transfer,💰 Checking,,✅,
,25/02/2021,"€0,00","€0,00",↕️ Account Transfer,💰 Checking,,✅,
,26/02/2021,"€0,00","€0,00",↕️ Account Transfer,💰 Checking,,✅,
,27/02/2021,"€104,56","€901,02",Available to budget,💰 Checking,"Taxa Cartão, 100 DEGIRO, Bolo Rui",✅,
,28/02/2021,"€200,00","€0,00",Crypto,💰 Checking,Binance,✅,
,01/03/2021,"€0,00","€0,00",↕️ Account Transfer,💰 Checking,,✅,
,02/03/2021,"€0,00","€0,00",↕️ Account Transfer,💰 Checking,,✅,
,03/03/2021,"€20,66","€0,00",Fun Money,💰 Checking,Prenda Kiki,✅,
,04/03/2021,"€2,65","€0,00",Available to budget,💰 Checking,Bertrand,✅,
,05/03/2021,"€32,01","€0,00",Gasoline,💰 Checking,Gasolina Golf DF,✅,
,06/03/2021,"€27,80","€0,00",Everything Else,💰 Checking,Livro Bitcoin + Prenda Abílio,✅,
,07/03/2021,"€20,00","€0,00",G,💳 Revolut,G,✅,
,08/03/2021,"€0,00","€0,00",↕️ Account Transfer,💰 Checking,,✅,
,09/03/2021,"€0,00","€0,00",↕️ Account Transfer,💰 Checking,,✅,
,10/03/2021,"€0,00","€0,00",↕️ Account Transfer,💰 Checking,,✅,
,11/03/2021,"€0,00","€0,00",↕️ Account Transfer,💰 Checking,,✅,
,12/03/2021,"€0,00","€0,00",↕️ Account Transfer,💰 Checking,,✅,
,13/03/2021,"€27,00","€0,00",Auto Maintenance,💰 Checking,Ferraz + Cabos Continente,✅,
,14/03/2021,"€0,00","€32,01",Gasoline,💰 Checking,Gasolina de volta,✅,
,15/03/2021,"€0,00","€0,00",Fun Money,💰 Checking,,✅,
,16/03/2021,"€0,00","€0,00",Fun Money,💰 Checking,,✅,
,17/03/2021,"€0,00","€0,00",Fun Money,💰 Checking,,✅,
,18/03/2021,"€11,00","€0,00",Cell Phone Bill,💰 Checking,Vodafone,✅,
,19/03/2021,"€21,50","€0,00",Fun Money,💰 Checking,"CP Porto, Jantar Pizza, Hub OLX",✅,
,20/03/2021,"€0,00","€0,00",Fun Money,💰 Checking,,✅,
,21/03/2021,"€0,00","€0,00",Fun Money,💰 Checking,,✅,
,22/03/2021,"€0,10","€150,00",Available to budget,💰 Checking,Prenda mãe + tios + comissao mbway To,✅,
,23/03/2021,"€0,00","€0,00",Fun Money,💰 Checking,,✅,
,24/03/2021,"€20,00","€0,00",G,💰 Checking,G,✅,
,25/03/2021,"€12,00","€0,00",Other,Cash,Corte João,✅,
,26/03/2021,"€219,60","€0,00",Crypto,💰 Checking,Router Helium Nebra,✅,
,27/03/2021,"€8,99","€0,00",Girlfriend,💰 Checking,Kinder Manuela,✅,
,28/03/2021,"€4,00","€0,00",Cell Phone Bill,💰 Checking,Dados extra vodafone 2 packs,✅,
,29/03/2021,"€9,50","€0,00",Cell Phone Bill,💰 Checking,Vodafone,✅,
,30/03/2021,"€0,00","€920,92",Available to budget,💰 Checking,Vencimento,✅,
,31/03/2021,"€230,00","€0,00",Available to budget,💰 Checking,BCP -> Revo,✅,
,31/03/2021,"€0,00","€230,00",Available to budget,💳 Revolut,Binance,✅,
,01/04/2021,"€200,00","€0,00",Crypto,💳 Revolut,Binance,✅,
,02/04/2021,"€11,00","€0,00",Spotify,💰 Checking,Spotify Salty,✅,
,03/04/2021,"€1,04","€0,00",Auto Maintenance,💰 Checking,Imposto Selo,✅,
,04/04/2021,"€10,00","€0,00",Fun Money,💰 Checking,Levantamento 10 paus,✅,
,05/04/2021,"€0,00","€1,15",Fun Money,💰 Checking,Mini Reis - Teles,✅,
,06/04/2021,"€9,50","€0,00",G,💳 Revolut,Tabaco + Talhas,✅,
,07/04/2021,"€0,00","€0,00",Fun Money,💰 Checking,,✅,
,08/04/2021,"€12,50","€0,00",Fun Money,💰 Checking,Prenda Rúben ,✅,
,09/04/2021,"€3,63","€0,00",Girlfriend,💰 Checking,Pilhas + chocolate Manuela ,✅,
,10/04/2021,"€20,00","€0,00",Fun Money,💰 Checking,Aposta Sporting,✅,
,11/04/2021,"€5,00","€0,00",G,💰 Checking,G ao Rui,✅,
,12/04/2021,"€5,40","€0,00",Fun Money,💰 Checking,Cervejas André/Teles,✅,
,13/04/2021,"€0,00","€8,08",Available to budget,💰 Checking,,✅,
,14/04/2021,"€0,00","€50,00",Available to budget,💰 Checking,Aposta Ganha,✅,
,15/04/2021,"€15,00","€0,00",Available to budget,💰 Checking,Aposta Reis,✅,
,16/04/2021,"€150,00","€150,00",↕️ Account Transfer,💰 Checking,Liquidação poupança + Ações,✅,
,17/04/2021,"€0,00","€0,00",Fun Money,💰 Checking,,✅,
,18/04/2021,"€0,00","€0,00",Fun Money,💰 Checking,,✅,
,19/04/2021,"€0,00","€0,00",Fun Money,💰 Checking,,✅,
,20/04/2021,"€0,00","€0,00",Fun Money,💰 Checking,,✅,
,21/04/2021,"€0,00","€0,00",Fun Money,💰 Checking,,✅,
,22/04/2021,"€0,00","€0,00",Fun Money,💰 Checking,,✅,
,23/04/2021,"€0,00","€0,00",Fun Money,💰 Checking,,✅,
,24/04/2021,"€0,00","€0,00",Fun Money,💰 Checking,,✅,
,25/04/2021,"€0,00","€0,00",Fun Money,💰 Checking,,✅,
,26/04/2021,"€4,00","€0,00",Other,💰 Checking,Chave de quadros -JoOli,✅,
,27/04/2021,"€6,55","€9,00",Auto Maintenance,💰 Checking,Mantimentos Tábua Pingo DOce,✅,
,28/04/2021,"€28,15","€0,00",Dining Out,💰 Checking,Jantar Mãe - Navegante,✅,
,29/04/2021,"€11,00","€0,00",Cell Phone Bill,💰 Checking,Telemóvel,✅,
,30/04/2021,"€0,00","€910,97",Available to budget,💰 Checking,Vencimento,✅,
,01/05/2021,"€700,00","€0,00",Available to budget,💰 Checking,Poupança + Revo,✅,
,01/05/2021,"€0,00","€700,00",Available to budget,💳 Revolut,Poupança + Revo,✅,
,02/05/2021,"€85,20","€0,00",Fun Money,💰 Checking,"Férias Tábua (AL, Gasosa, Refeição)",✅,
,03/05/2021,"€4,58","€0,00",Fun Money,💰 Checking,Prenda Chica,✅,
,04/05/2021,"€1,04","€0,00",Auto Maintenance,💰 Checking,Manutenção Conta,✅,
,05/05/2021,"€200,00","€0,00",Crypto,💳 Revolut,Cripto,✅,
,06/05/2021,"€20,00","€0,00",Fun Money,💳 Revolut,gasosa (abílio),✅,
,07/05/2021,"€24,00","€0,00",Fun Money,💰 Checking,Gin,✅,
,08/05/2021,"€0,00","€12,00",Fun Money,💳 Revolut,Gin André,✅,
,09/05/2021,"€20,00","€0,00",G,💰 Checking,GTábua,✅,
,10/05/2021,"€0,00","€0,00",Fun Money,💰 Checking,,✅,
,11/05/2021,"€24,80","€0,00",Girlfriend,💰 Checking,Jantar Navegante - Manuela,✅,
,12/05/2021,"€0,00","€0,00",Fun Money,💰 Checking,,✅,
,13/05/2021,"€0,00","€0,00",Fun Money,💰 Checking,,✅,
,14/05/2021,"€3,10","€0,00",Auto Maintenance,💰 Checking,,✅,
,15/05/2021,"€7,50","€0,00",Clothing,💰 Checking,Arranjo costureira,✅,
,16/05/2021,"€0,00","€0,00",Fun Money,💰 Checking,,✅,
,17/05/2021,"€0,00","€0,00",Fun Money,💰 Checking,,✅,
,18/05/2021,"€16,00","€0,00",G,💳 Revolut,G,✅,
,19/05/2021,"€11,65","€0,00",G,💳 Revolut,Tabaco + Talhas,✅,
,20/05/2021,"€0,00","€0,00",Fun Money,💰 Checking,,✅,
,21/05/2021,"€0,00","€0,00",Fun Money,💰 Checking,,✅,
,22/05/2021,"€19,00","€0,00",Clothing,💰 Checking,Decathlon ,✅,
,23/05/2021,"€5,95","€0,00",Fun Money,💰 Checking,Peq Almoço Andre ,✅,
,24/05/2021,"€75,50","€0,00",Clothing,💰 Checking,Camisas Sacoor,✅,
,25/05/2021,"€0,00","€0,00",Fun Money,💰 Checking,,✅,
,26/05/2021,"€0,00","€0,00",Fun Money,💰 Checking,,✅,
,27/05/2021,"€11,00","€0,00",Cell Phone Bill,💰 Checking,Tarifário Yorn,✅,
,28/05/2021,"€21,66","€0,00",Fun Money,💰 Checking,Levantamento pagar jantar (12.5),✅,
,29/05/2021,"€0,00","€0,00",Fun Money,💰 Checking,,✅,
,30/05/2021,"€0,00","€0,00",Fun Money,💰 Checking,,✅,
,31/05/2021,"€81,45","€905,99",Available to budget,💰 Checking,Vencimento,✅,
,01/06/2021,"€700,00","€0,00",Available to budget,💰 Checking,Transf BCP -> Revo,✅,
,01/06/2021,"€0,00","€700,00",Available to budget,💰 Checking,250 cripto; 250 poupança; 200 ferias,✅,
,02/06/2021,"€1,04","€0,00",Auto Maintenance,💰 Checking,Manutencao conta,✅,
,03/06/2021,"€2,19","€0,00",Fun Money,💰 Checking,Vinho branco,✅,
,04/06/2021,"€0,82","€0,00",Fun Money,💳 Revolut,Fotos mãe,✅,
,05/06/2021,"€36,50","€0,00",Fun Money,💰 Checking,Prenda Mãe,✅,
,06/06/2021,"€0,00","€0,00",Fun Money,💰 Checking,,✅,
,07/06/2021,"€0,00","€0,00",Fun Money,💰 Checking,,✅,
,08/06/2021,"€12,00","€0,00",Auto Maintenance,💰 Checking,Cabelo,✅,
,09/06/2021,"€0,00","€0,00",Fun Money,💰 Checking,,✅,
,10/06/2021,"€0,00","€0,00",Fun Money,💰 Checking,,✅,
,11/06/2021,"€16,00","€0,00",G,💰 Checking,G,✅,
,12/06/2021,"€0,00","€0,00",Fun Money,💰 Checking,,✅,
,13/06/2021,"€0,00","€0,00",Fun Money,💰 Checking,,✅,
,14/06/2021,"€0,00","€0,00",Fun Money,💰 Checking,,✅,
,15/06/2021,"€14,00","€0,00",Gasoline,💰 Checking,Gasolina ,✅,
,16/06/2021,"€0,00","€0,00",Fun Money,💰 Checking,,✅,
,17/06/2021,"€0,00","€0,00",Fun Money,💰 Checking,,✅,
,18/06/2021,"€1,60","€0,00",Girlfriend,💰 Checking,Chocolate Manuela,✅,
,19/06/2021,"€15,10","€0,00",Fun Money,💰 Checking,Barril + Ria,✅,
,20/06/2021,"€6,60","€0,00",Other,💳 Revolut,Pao + 5 paus para o drogado no continente,✅,
,21/06/2021,"€600,00","€0,00",Crypto,💰 Checking,,✅,
,22/06/2021,"€12,30","€0,00",Cell Phone Bill,💰 Checking,11 telemovel,✅,
,22/06/2021,"€1,30","€0,00",Fun Money,💰 Checking,Café + Nata,✅,
,23/06/2021,"€3,99","€0,00",Prime,💰 Checking,Amazon Prime,✅,
,24/06/2021,"€10,00","€0,00",Fun Money,💰 Checking,Levantar 10 paus,✅,
,25/06/2021,"€19,00","€1,65",Fun Money,💰 Checking,Churrasco - 16; Rui L - 3 (praça),✅,
,26/06/2021,"€5,10","€0,00",Auto Maintenance,💳 Revolut,Pão + desodorizante,✅,
,27/06/2021,"€49,60","€905,99",Available to budget,💰 Checking,Max Kops + DinWallet + Ordenado,✅,
,28/06/2021,"€0,00","€0,00",Fun Money,💰 Checking,,✅,
,29/06/2021,"€0,00","€0,00",Fun Money,💰 Checking,,✅,
,30/06/2021,"€0,00","€0,00",Fun Money,💰 Checking,,✅,
,01/07/2021,"€0,00","€0,00",Fun Money,💰 Checking,,✅,
,02/07/2021,"€0,00","€0,00",Fun Money,💰 Checking,,✅,
,03/07/2021,"€13,00","€0,00",Fun Money,💰 Checking,5€ p noite,✅,
,04/07/2021,"€1,04","€0,00",Everything Else,💰 Checking,Imposto de selo + liq ecrans,✅,
,05/07/2021,"€400,00","€0,00",Available to budget,💰 Checking,400 p revo,✅,
,05/07/2021,"€0,00","€400,00",Available to budget,💳 Revolut,400 p revo,✅,
,06/07/2021,"€13,50","€0,00",Cell Phone Bill,💰 Checking,Telemovel + prime,✅,
,07/07/2021,"€106,00","€0,00",Fun Money,💰 Checking,Reserva Airbnb,✅,
,08/07/2021,"€0,00","€0,00",,💰 Checking,,✅,
,09/07/2021,"€9,20","€0,00",Dining Out,💰 Checking,Almoço Asinhas,✅,
,10/07/2021,"€113,98","€0,00",Auto Maintenance,💰 Checking,Calças,✅,
,11/07/2021,"€10,00","€0,00",Fun Money,💰 Checking,Bet - Itália,✅,
,12/07/2021,"€90,00","€0,00",Auto Maintenance,💰 Checking,Eugénio Leite,✅,
,13/07/2021,"€0,00","€0,00",Fun Money,💰 Checking,,✅,
,14/07/2021,"€0,00","€0,00",Fun Money,💰 Checking,,✅,
,15/07/2021,"€0,00","€0,00",Fun Money,💰 Checking,,✅,
,16/07/2021,"€20,00","€0,00",Dining Out,💰 Checking,Levantamento Barril,✅,
,17/07/2021,"€19,25","€0,00",Girlfriend,💰 Checking,Jantar Porto + Paddle + Lanche,✅,
,18/07/2021,"€4,20","€0,00",Auto Maintenance,💰 Checking,Atum + pao de forma,✅,
,19/07/2021,"€8,00","€0,00",Fun Money,💰 Checking,Cordas Guitarra,✅,
,20/07/2021,"€0,00","€0,00",Fun Money,💰 Checking,,✅,
,21/07/2021,"€5,09","€0,00",Fun Money,💰 Checking,,✅,
,22/07/2021,"€46,5","€0,00",Girlfriend,💰 Checking,Regaleira+Pena+Portagens+Teste COVID+Levantamento,✅,
,23/07/2021,"€0,00","€0,00",Fun Money,💰 Checking,,✅,
,24/07/2021,"€5,67","€0,00",Dining Out,💳 Revolut,Churrasco,✅,
,25/07/2021,"€2,80","€0,00",Fun Money,💰 Checking,Café,✅,
,26/07/2021,"€0,00","€0,00",Fun Money,💰 Checking,,✅,
,27/07/2021,"€0,00","€0,00",Fun Money,💰 Checking,,✅,
,28/07/2021,"€0,00","€0,00",Fun Money,💰 Checking,,✅,
,29/07/2021,"€0,00","€0,00",Fun Money,💰 Checking,,✅,
,30/07/2021,"€0,00","€0,00",Fun Money,💰 Checking,,✅,
,31/07/2021,"€0,00","€915,94",Available to budget,💰 Checking,Vencimento,✅,
,01/08/2021,"€11,00","€0,00",Cell Phone Bill,💰 Checking,Tarifário Yorn,✅,
,02/08/2021,"€10,00","€0,00",Fun Money,💰 Checking,Levantamento,✅,
,03/08/2021,"€100,00","€0,00",Clothing,💰 Checking,Sapatos Casamento,✅,
,04/08/2021,"€0,00","€0,00",Fun Money,💰 Checking,,✅,
,05/08/2021,"€0,00","€0,00",Fun Money,💰 Checking,,✅,
,06/08/2021,"€4,40","€0,00",G,💳 Revolut,Tabaco,✅,
,07/08/2021,"€12,80","€0,00",Fun Money,💳 Revolut,Finos,✅,
,08/08/2021,"€0,00","€0,00",Fun Money,💳 Revolut,,✅,
,09/08/2021,"€12,00","€0,00",Auto Maintenance,💰 Checking,Cabelo,✅,
,10/08/2021,"€20,00","€0,00",Fun Money,💳 Revolut,Levantamento,✅,
,11/08/2021,"€16,66","€0,00",Auto Maintenance,💳 Revolut,Compras Continente (semana sozinho),✅,
,12/08/2021,"€10,00","€0,00",Fun Money,💰 Checking,Croissants e vida,✅,
,13/08/2021,"€22,20","€0,00",G,💰 Checking,W,✅,
,14/08/2021,"€30,00","€0,00",Fun Money,💰 Checking,Coluna Sony,✅,
,15/08/2021,"€200,00","€0,00",Crypto,💰 Checking,Binance,✅,
,16/08/2021,"€2,20","€0,00",Fun Money,💰 Checking,Finos (Autocarro Bar),✅,
,17/08/2021,"€20,00","€0,00",Girlfriend,💰 Checking,Levantar dinheiro (flores Manuela 5 anos),✅,
,18/08/2021,"€5,00","€0,00",Cell Phone Bill,💰 Checking,Telemovel,✅,
,19/08/2021,"€9,22","€0,00",Auto Maintenance,💰 Checking,Nasomet,✅,
,20/08/2021,"€82,00","€0,00",Crypto,💰 Checking,Nexo,✅,
,21/08/2021,"€85,00","€0,00",Fun Money,💰 Checking,15 cartao FNAC + 70 KOBO,✅,
,22/08/2021,"€19,00","€0,00",Gasoline,💰 Checking,15 gasolina + 4 lavagem,✅,
,23/08/2021,"€100,00","€0,00",Crypto,💰 Checking,Binance,✅,
,24/08/2021,"€0,00","€0,00",Fun Money,💰 Checking,,✅,
,25/08/2021,"€0,00","€0,00",Fun Money,💰 Checking,,✅,
,26/08/2021,"€10,00","€0,00",Fun Money,💰 Checking,Aposta,✅,
,27/08/2021,"€42,19","€0,00",Gasoline,💰 Checking,Gasolina,✅,
,28/08/2021,"€0,00","€0,00",Fun Money,💰 Checking,,✅,
,29/08/2021,"€0,00","€0,00",Fun Money,💰 Checking,,✅,
,30/08/2021,"€0,00","€50,00",Clothing,💰 Checking,Sapatilhas,✅,
,31/08/2021,"€22,00","€968,84",Available to budget,💰 Checking,Ordenado + Transf Reis,✅,
,01/09/2021,"€16,26","€0,00",Dining Out,💰 Checking,Jantar kiki,✅,
,02/09/2021,"€14,50","€0,00",Cell Phone Bill,💰 Checking,Telemovel,✅,
,03/09/2021,"€0,00","€28,00",Auto Maintenance,💰 Checking,SAMS Olhos Coimbra,✅,
,04/09/2021,"€10,81","€0,00",Fun Money,💳 Revolut,Jantar Casa Ruca P,✅,
,05/09/2021,"€250,00","€0,00",Crypto,💰 Checking,Cripto,✅,
,06/09/2021,"€8,75","€0,00",Dining Out,💰 Checking,Jantar Coelho & Gutti,✅,
,07/09/2021,"€18,22","€0,00",Fun Money,💰 Checking,Bilhete Stand up Reis,✅,
,08/09/2021,"€10,34","€0,00",Auto Maintenance,💳 Revolut,Pao + fiambre + queijo,✅,
,09/09/2021,"€4,50","€0,00",G,💳 Revolut,Tabaq,✅,
,10/09/2021,"€3,00","€0,00",Fun Money,💰 Checking,Finos Praça,✅,
,11/09/2021,"€7,10","€0,00",Girlfriend,💰 Checking,Bilhetes comboio,✅,
,12/09/2021,"€5,50","€0,00",Fun Money,💳 Revolut,Pastelaria Moura Sto Tirso,✅,
,13/09/2021,"€3,53","€0,00",Fun Money,💰 Checking,Prenda Reis,✅,
,14/09/2021,"€5,00","€0,00",Fun Money,💰 Checking,Aposta,✅,
,15/09/2021,"€0,00","€0,00",Fun Money,💰 Checking,,✅,
,16/09/2021,"€13,50","€9,00",Dining Out,💰 Checking,Almoço despedida Reis + Jantar Alicarius Ruis,✅,
,17/09/2021,"€15,80","€0,00",Fun Money,💰 Checking,"5,8 - Alicarius + levantamento 10",✅,
,18/09/2021,"€4,74","€0,00",Auto Maintenance,💰 Checking,Norauto + pão,✅,
,19/09/2021,"€9,50","€0,00",Dining Out,💰 Checking,Alicarius,✅,
,20/09/2021,"€3,30","€0,00",G,💰 Checking,2/3 Tabaq,✅,
,21/09/2021,"€1,35","€0,00",Fun Money,Cash,Café Garagem ,✅,
,22/09/2021,"€4,50","€0,00",Fun Money,💳 Revolut,Finos + 2/3 Tabaq,✅,
,23/09/2021,"€5,75","€0,00",Fun Money,💰 Checking,Prenda Carolina,✅,
,24/09/2021,"€10,00","€0,00",Fun Money,💰 Checking,Levantamento 20 paus (jantar mas sobrou),✅,
,25/09/2021,"€10,59","€0,00",Fun Money,💰 Checking,Capa Kobo FNAC (c/ desconto),✅,
,26/09/2021,"€235,00","€0,00",Crypto,💰 Checking,,✅,
,27/09/2021,"€24,22","€0,00",Gasoline,💳 Revolut,Gasolina,✅,
,28/09/2021,"€40,00","€0,00",Other,💰 Checking,Prenda Marta + Jorge,✅,
,29/09/2021,"€40,00","€0,00",Girlfriend,Revolut,Prenda Manuela,✅,
,30/09/2021,"€11,00","€0,00",Cell Phone Bill,💰 Checking,Vodafone,✅,
,01/10/2021,"€0,40","€915,00",Available to budget,💰 Checking,Vencimento + imposto de selo + reenvio do PIN,✅,
,02/10/2021,"€0,00","€0,00",Fun Money,💰 Checking,,✅,
,03/10/2021,"€0,00","€0,00",Fun Money,💰 Checking,,✅,
,04/10/2021,"€30,00","€0,00",G,💳 Revolut,G,✅,
,05/10/2021,"€2,35","€0,00",Girlfriend,💰 Checking,Sumo Drinks (Manuela),✅,
,06/10/2021,"€29,95","€0,00",Fun Money,💰 Checking,Vinhos,✅,
,07/10/2021,"€0,00","€0,00",Fun Money,💰 Checking,,✅,
,08/10/2021,"€12,90","€0,00",Fun Money,💰 Checking,Alavarium + Fino,✅,
,09/10/2021,"€85,14","€0,00",Fun Money,💰 Checking,"Lisboa - viagem, uber, almoço, urban, ",✅,
,10/10/2021,"€5,00","€0,00",Prime,💰 Checking,Amazon Prime,✅,
,11/10/2021,"€12,00","€0,00",Auto Maintenance,💰 Checking,Cabeleireiro,✅,
,12/10/2021,"€14,90","€0,00",Fun Money,💳 Revolut,Prenda Abílio,✅,
,13/10/2021,"€19,28","€0,00",Girlfriend,💳 Revolut,Lingerie Manuela,✅,
,14/10/2021,"€31,70","€0,00",Fun Money,💰 Checking,Almoço Atena - FIM,✅,
,15/10/2021,"€0,00","€100,00",Crypto,💰 Checking,100 paus Miguel Binance,✅,
,15/10/2021,"€13,68","€0,00",Fun Money,💰 Checking,Tabaco + vinho,✅,
,16/10/2021,"€11,55","€6,77",Girlfriend,💰 Checking,Brunch + peq almoço + IVA Voucher,✅,
,17/10/2021,"€112,49","€0,00",Fun Money,💳 Revolut,Estadia Londres,✅,
,18/10/2021,"€31,98","€0,00",Clothing,💰 Checking,Roupa Lefties,✅,
,19/10/2021,"€12,25","€0,00",Dining Out,💰 Checking,Almoço Cave,✅,
,20/10/2021,"€30,00","€0,00",G,💰 Checking,G,✅,
,21/10/2021,"€0,00","€0,00",,💰 Checking,Londres,✅,
,22/10/2021,"€0,00","€0,00",,💰 Checking,Londres,✅,
,23/10/2021,"€0,00","€0,00",,💰 Checking,Londres,✅,
,24/10/2021,"€0,00","€0,00",,💰 Checking,Londres,✅,
,25/10/2021,"€0,00","€0,00",,💰 Checking,Londres,✅,
,26/10/2021,"€444,91","€0,00",Fun Money,💳 Revolut,Custo Total Londres,✅,
,27/10/2021,"€1,79","€9,00",G,💰 Checking,Talhas,✅,
,28/10/2021,"€0,00","€0,00",,💰 Checking,,✅,
,29/10/2021,"€0,00","€488,00",Available to budget,💰 Checking,Vencimento,✅,
,30/10/2021,"€0,00","€0,00",,💰 Checking,,✅,
,31/10/2021,"€20,00","€0,00",G,💰 Checking,G,✅,
,01/11/2021,"€27,53","€0,00",Fun Money,💰 Checking,Prenda Manuela conjunto + chaves Porto + Metro,✅,
,02/11/2021,"€6,50","€0,00",Dining Out,💳 Revolut,Almoço Abaco,✅,
,03/11/2021,"€18,83","€0,00",Dining Out,💳 Revolut,Francesinha + Café Nicola Porto + Arroz de Pato,✅,
,04/11/2021,"€15,63","€0,00",Auto Maintenance,💰 Checking,Infeção Urinária + Arroz de Pato,✅,
,05/11/2021,"€10,50","€0,00",Fun Money,💳 Revolut,Guilherme Duarte,✅,
,06/11/2021,"€4,50","€0,00",Auto Maintenance,💰 Checking,Giletes,✅,
,07/11/2021,"€21,27","€0,00",Auto Maintenance,💳 Revolut,Compras continente,✅,
,08/11/2021,"€0,00","€0,00",,💰 Checking,,✅,
,09/11/2021,"€0,00","€0,00",,💰 Checking,,✅,
,10/11/2021,"€0,00","€0,00",,💰 Checking,,✅,
,11/11/2021,"€0,00","€0,00",,💰 Checking,,✅,
,12/11/2021,"€0,00","€0,00",,💰 Checking,,✅,
,13/11/2021,"€4,80","€0,00",Spotify,💰 Checking,Spoti,✅,
,14/11/2021,"€3,60","€0,00",Gasoline,💰 Checking,Portagens,✅,
,15/11/2021,"€5,00","€0,00",G,💰 Checking,Ajudas de Custo G,✅,
,16/11/2021,"€2,65","€0,00",Crypto,💰 Checking,Token Metrics,✅,
,17/11/2021,"€16,01","€0,00",Auto Maintenance,💰 Checking,Continente + Metro,✅,
,18/11/2021,"€15,00","€0,00",Cell Phone Bill,💰 Checking,Telemóvel ,✅,
,19/11/2021,"€23,92","€6,00",Fun Money,💰 Checking,café + conversas de Miguel + rifas + App Verse + Bingo,✅,
,19/11/2021,"€2,49","€0,00",Auto Maintenance,💳 Revolut,Detergente Louça,✅,
,20/11/2021,"€30,24","€5,00",Gasoline,💰 Checking,Gasoleo + IVAucher,✅,
,20/11/2021,"€8,05","€0,00",Gasoline,💰 Checking,Portagens,✅,
,20/11/2021,"€10,00","€0,00",Fun Money,💰 Checking,Levantamento Noite,✅,
,20/11/2021,"€44,95","€0,00",Clothing,💳 Revolut,Calças,✅,
,21/11/2021,"€7,60","€0,00",Auto Maintenance,💰 Checking,café,✅,
,22/11/2021,"€154,98","€0,00",Clothing,💰 Checking,Botas Timb + Boxers Tiffosi,✅,
,23/11/2021,"€0,00","€0,00",,,,✅,
,24/11/2021,"€0,00","€0,00",,💰 Checking,,✅,
,25/11/2021,"€0,00","€0,00",,,,✅,
,26/11/2021,"€0,00","€1 287,96",Available to budget,💰 Checking,Vencimento (C/ Subs. Natal),✅,
,27/11/2021,"€6,60","€0,00",Fun Money,💰 Checking,Paulo + Mc Leite,✅,
,28/11/2021,"€46,00","€0,00",Girlfriend,💰 Checking,Voo a Barcelona,✅,
,29/11/2021,"€59,49","€6,00",Auto Maintenance,💰 Checking,Teste COVID + Gasosa + Poupa Mais,✅,
,30/11/2021,"€24,90","€0,00",G,💳 Revolut,Tabaq + G,✅,
,01/12/2021,"€27,23","€0,00",Water Bill,💰 Checking,Contas ,✅,
,02/12/2021,"€19,00","€0,00",Gasoline,💰 Checking,Portagens,✅,
,03/12/2021,"€1,00","€0,00",Fun Money,💳 Revolut,Tidal,✅,
,04/12/2021,"€6,00","€0,00",Auto Maintenance,💰 Checking,Multa de estacionamento,✅,
,05/12/2021,"€5,00","€0,00",Fun Money,💰 Checking,Aposta,✅,
,06/12/2021,"€13,80","€0,00",Gasoline,💰 Checking,Portagens,✅,
,07/12/2021,"€9,50","€0,00",G,💳 Revolut,Tabaco + Talhas,✅,
,08/12/2021,"€6,43","€0,00",Dining Out,💰 Checking,Almoço Ábaco,✅,
,09/12/2021,"€6,00","€0,00",Fun Money,💳 Revolut,Finos Ferro Bar,✅,
,10/12/2021,"€10,00","€0,00",Clothing,💰 Checking,Cera Timbs,✅,
,11/12/2021,"€2,00","€0,00",Gasoline,💰 Checking,Portagens,✅,
,12/12/2021,"€0,00","€0,00",,💰 Checking,,✅,
,13/12/2021,"€0,00","€0,00",,💰 Checking,,✅,
,14/12/2021,"€0,00","€0,00",,💰 Checking,,✅,
,15/12/2021,"€0,00","€24,46",Available to budget,💰 Checking,Transferência Edenred - BCP,✅,
,16/12/2021,"€64,60","€0,00",Auto Maintenance,💰 Checking,Bilhetes Metro + Via Verde + Barbeiro + Café,✅,
,17/12/2021,"€24,00","€5,83",Fun Money,💳 Revolut,Spiderman + Reembolso Edenred + G,✅,
,18/12/2021,"€0,00","€69,30",Crypto,💳 Revolut,70 da Binance,✅,
,18/12/2021,"€90,00","€0,00",Fun Money,💳 Revolut,Prenda Mãe,✅,
,19/12/2021,"€36,14","€0,00",Everything Else,💰 Checking,Vinho Pais Manuela + Livro Miguel Maia,✅,
,20/12/2021,"€3,58","€0,00",Auto Maintenance,💰 Checking,Testes covid,✅,
,21/12/2021,"€11,00","€0,00",Cell Phone Bill,💰 Checking,Telemovel,✅,
,22/12/2021,"€40,00","€5,00",Gasoline,💰 Checking,Gasoleo CEPSA (1.496),✅,
,23/12/2021,"€14,00","€0,00",Spotify,💰 Checking,Spotify,✅,
,24/12/2021,"€0,00","€130,00",Available to budget,💰 Checking,Prendas,✅,
,25/12/2021,"€18,00","€0,00",G,💳 Revolut,G,✅,
,26/12/2021,"€1,00","€0,00",Auto Maintenance,💳 Revolut,Pão de Forma,✅,
,27/12/2021,"€2,99","€0,00",Fun Money,💳 Revolut,Carioca de limão - café Kiki + talhas,✅,
,28/12/2021,"€0,00","€1 671,46",Available to budget,💰 Checking,Transf Tio Mário + Ordenado + Ajudas de custo,✅,
,29/12/2021,"€20,00","€0,00",Auto Maintenance,💰 Checking,Ferraz,✅,
,29/12/2021,"€550,00","€0,00",Available to budget,💰 Checking,Transf Revo -> BCP,✅,
,29/12/2021,"€0,00","€550,00",Available to budget,💳 Revolut,Transf BCP -> Revo,✅,
,29/12/2021,"€8,86","€0,00",Auto Maintenance,💳 Revolut,Testes covid + leite,✅,
,30/12/2021,"€22,50","€0,00",Water Bill,💰 Checking,Contas,✅,
,31/12/2021,"€59,15","€5,00",Fun Money,💰 Checking,pda (G+casa+compras+iqos)+5 paus no chao + cafe,✅,
,01/01/2022,"€74,05","€0,00",Girlfriend,💰 Checking,Hotel Barcelona,✅,
,02/01/2022,"€0,00","€60,74",Available to budget,💰 Checking,Transf. Edenred,✅,
,03/01/2022,"€9,40","€0,00",Gasoline,💰 Checking,Portagens,✅,
,04/01/2022,"€10,00","€7,30",Fun Money,💰 Checking,Lanche,✅,
,05/01/2022,"€300,00","€0,00",House Rent,💰 Checking,Renda Janeiro,✅,
,06/01/2022,"€9,61","€0,00",Auto Maintenance,💰 Checking,Coisas para a casa,✅,
,07/01/2022,"€30,00","€5,00",Gasoline,💰 Checking,Gasolina,✅,
,08/01/2022,"€0,00","€0,00",,💰 Checking,,✅,
,09/01/2022,"€0,00","€0,00",,💰 Checking,,✅,
,10/01/2022,"€0,00","€0,00",,💰 Checking,,✅,
,11/01/2022,"€1 300,00","€0,00",Fun Money,💰 Checking,Macbook Pro ,✅,
,12/01/2022,"€2,67","€0,00",Auto Maintenance,💰 Checking,Compras Pingo Doce,✅,
,13/01/2022,"€22,50","€0,00",G,💳 Revolut,G,✅,
,14/01/2022,"€6,60","€0,00",Fun Money,💰 Checking,Prenda Pati,✅,
,15/01/2022,"€15,00","€0,00",Auto Maintenance,💰 Checking,Lavagem do carro,✅,
,16/01/2022,"€30,85","€0,00",Gasoline,💰 Checking,Gasoleo + portagens 13/1,✅,
,17/01/2022,"€11,00","€0,00",Cell Phone Bill,💰 Checking,Tarifário Telemóvel,✅,
,18/01/2022,"€6,00","€0,00",Fun Money,💰 Checking,Multa,✅,
,19/01/2022,"€74,05","€148,10",Girlfriend,💰 Checking,Barcelona,✅,
,20/01/2022,"€23,90","€0,00",Auto Maintenance,💰 Checking,Compras continente + teste COVID + adaptador SATECHI,✅,
,21/01/2022,"€14,90","€0,00",Dining Out,💰 Checking,"Jantar ""o Afonso""",✅,
,22/01/2022,"€200,00","€0,00",Crypto,💳 Revolut,Cripto,✅,
,23/01/2022,"€13,27","€0,00",Auto Maintenance,💰 Checking,Compras Casa nova,✅,
,24/01/2022,"€11,40","€0,00",Auto Maintenance,💰 Checking,"Compras jantar, pão, papel higiénico, guardanapos, João Pires, cebolas",✅,
,25/01/2022,"€0,00","€0,00",Auto Maintenance,💰 Checking,,✅,
,26/01/2022,"€28,66","€5,00",Gasoline,💰 Checking,Gasolina + Portagens (30/01) + IVAucher,✅,
,27/01/2022,"€4,95","€1 085,68",Available to budget,💰 Checking,Ordenado + Portagens,✅,
,27/01/2022,"€0,00","€152,60",Available to budget,💰 Checking,Edenred,✅,
,27/01/2022,"€1 300,00","€0,00",Available to budget,💰 Checking,Transf Revo -> BCP,✅,
,27/01/2022,"€0,00","€1 300,00",Available to budget,💳 Revolut,Transf BCP -> Revo,✅,
,28/01/2022,"€13,45","€0,00",Dining Out,💰 Checking,Jantar Pizza + Jantar casa nova,✅,
,29/01/2022,"€2,05","€0,00",Fun Money,💰 Checking,Peq Almoço Continente,✅,
,30/01/2022,"€0,00","€0,00",Fun Money,💰 Checking,,✅,
,01/02/2022,"€20,90","€0,00",Auto Maintenance,💰 Checking,Compras continente + Teste COVID + zovirax,✅,
,02/02/2022,"€150,00","€0,00",House Rent,💰 Checking,Renda,✅,
,03/02/2022,"€5,75","€0,00",Gasoline,💰 Checking,Portagens,✅,
,04/02/2022,"€11,50","€0,00",Fun Money,💳 Revolut,Trigamilha Mae + Mc,✅,
,05/02/2022,"€39,58","€0,00",Girlfriend,💰 Checking,Voo Barcelona,✅,
,06/02/2022,"€72,30","€0,00",Fun Money,💰 Checking,Louis C.K.,✅,
,07/02/2022,"€15,05","€0,00",Auto Maintenance,💰 Checking,João Cabeleireiro + canetas + Treino Basket,✅,
,08/02/2022,"€0,00","€112,60",Available to budget,💰 Checking,Transf despesas Conti,✅,
,09/02/2022,"€27,93","€0,00",Water Bill,💰 Checking,Despesas Janeiro,✅,
,10/02/2022,"€8,45","€0,00",Dining Out,💰 Checking,Almoço Ábaco,✅,
,11/02/2022,"€59,19","€0,00",Fun Money,💰 Checking,Bola Basket + MX Master 3,✅,
,12/02/2022,"€25,23","€0,00",Auto Maintenance,💰 Checking,Compras Continente,✅,
,13/02/2022,"€30,00","€0,00",Gasoline,💰 Checking,Gaséleo - 1.646,✅,
,14/02/2022,"€17,89","€0,00",Auto Maintenance,💰 Checking,Continente + Compras jantar André,✅,
,15/02/2022,"€15,25","€0,00",Dining Out,💰 Checking,Jantar Manuela - Caldeireiro,✅,
,16/02/2022,"€11,00","€0,00",Cell Phone Bill,💰 Checking,Tarifário Telemóvel,✅,
,17/02/2022,"€16,50","€0,00",Auto Maintenance,💰 Checking,Arranjo Mira + Metro,✅,
,18/02/2022,"€32,95","€0,00",G,💳 Revolut,Ajuda custo Rui Miguel + G + Onça LM,✅,
,19/02/2022,"€3,44","€0,00",Water Bill,💰 Checking,Contas Luz - Fevereiro,✅,
,20/02/2022,"€116,38","€0,00",Girlfriend,💰 Checking,Hotel Barcelona,✅,
,21/02/2022,"€15,28","€0,00",Auto Maintenance,💰 Checking,Fita-cola + Treino Basket Uni + Shampô anticaspa,✅,
,22/02/2022,"€290,00","€125,00",Crypto,💰 Checking,Comprar ETH + Vender hotspot,✅,
,23/02/2022,"€7,89","€0,00",Everything Else,💰 Checking,Portes Autómatos CTT,✅,
,24/02/2022,"€0,00","€1 260,91",Available to budget,💰 Checking,Ordenado,✅,
,24/02/2022,"€850,00","€0,00",Available to budget,💰 Checking,Transf Revo -> BCP,✅,
,24/02/2022,"€0,00","€850,00",Available to budget,💳 Revolut,Transf BCP -> Revo,✅,
,25/02/2022,"€2,95","€0,00",Gasoline,💰 Checking,Lousado + Viagem Aveiro - Porto,✅,
,26/02/2022,"€1,20","€0,00",Fun Money,💰 Checking,Nata,✅,
,27/02/2022,"€4,20","€0,00",Dining Out,💰 Checking,Manteigaria,✅,
,28/02/2022,"€5,80","€0,00",Fun Money,💰 Checking,PC Diga,✅,
,01/03/2022,"€1,15","€0,00",Auto Maintenance,💰 Checking,Pão Continente,✅,
,02/03/2022,"€39,90","€139,90",Clothing,💰 Checking,Reembolso botas timberland + calças Mike Davis,✅,
,03/03/2022,"€7,31",0,Dining Out,💰 Checking,Almoço Ábaco,✅,
,04/03/2022,"€20,00","€0,00",G,💳 Revolut,3g,✅,
,05/03/2022,"€76,00","€0,00",Fun Money,💰 Checking,Microfone + Scarlett,✅,
,06/03/2022,"€63,94","€20,00",Gasoline,💰 Checking,Gasolina + Portagens + IVAucher + Gasoleo,✅,
,07/03/2022,"€150,00","€0,00",House Rent,💰 Checking,Renda,✅,
,08/03/2022,"€19,05","€0,00",Water Bill,💰 Checking,Água,✅,
,09/03/2022,"€3,09","€0,00",Auto Maintenance,💰 Checking,Pão + fiambre + croissant ,✅,
,10/03/2022,"€5,00","€0,00",Fun Money,💰 Checking,Padel Matosinhos,✅,
,11/03/2022,"€13,46","€0,00",Auto Maintenance,💰 Checking,Farmácia - testes Cov + termometro,✅,
,12/03/2022,"€46,49","€0,00",Auto Maintenance,💰 Checking,Carne + Salmão + essenciais comida + testes covid + desodorizante,✅,
,13/03/2022,"€5,03","€0,00",Fun Money,💳 Revolut,Talhas Papa trocos + Destaque OLX,✅,
,14/03/2022,"€10,00","€0,00",Auto Maintenance,💳 Revolut,Depósito cofre partilhado Manuela (7.74-4.89/2),✅,
,15/03/2022,"€11,00","€0,00",Cell Phone Bill,💰 Checking,Carregamento Yorn,✅,
,16/03/2022,"€9,90","€0,00",Electric Bill,💰 Checking,Conta luz,✅,
,17/03/2022,"€29,68","€0,00",Fun Money,💰 Checking,Viagem Barcelona (Bolt + shuttle + starbucks + compras),✅,
,18/03/2022,"€48,37","€0,00",Fun Money,💰 Checking,Passe metro + Parque Guell + Almoço + compras,✅,
,19/03/2022,"€20,23","€0,00",Fun Money,💰 Checking,Pão + castelo + starbucks + jantar,✅,
,20/03/2022,"€2,42","€0,00",Fun Money,💰 Checking,Bolt,✅,
,21/03/2022,"€14,50","€0,00",Fun Money,💰 Checking,Bolo Aniversário Lousy Town,✅,
,22/03/2022,"€130,00","€26,25",Fun Money,💰 Checking,Prenda de Aniversário + Frango de Churrasco,✅,
,22/03/2022,"€0,00","€91,00",Vacations,💰 Checking,Viagem Bélgica,,
,23/03/2022,"€40,00","€0,00",Fun Money,💰 Checking,Microfone Shure,✅,
,24/03/2022,"€11,76","€0,00",Dining Out,💰 Checking,Almoço Francesinha CES,✅,
,25/03/2022,,,,,,✅,
,26/03/2022,"€40,00","€0,00",Fun Money,💰 Checking,Mic Falso - André,✅,
,27/03/2022,"€2,00","€0,00",HBO,💰 Checking,HBO Max,✅,
,28/03/2022,"€27,28","€0,00",Auto Maintenance,💰 Checking,Compras Pingo Doce Aniversário + João Cabeleireiro + Viagens metro,✅,
,29/03/2022,"€2,00","€0,00",Fun Money,💳 Revolut,Basket Uni,✅,
,30/03/2022,"€0,00","€1 328,49",Available to budget,💰 Checking,Ordenado - 29/03 + reembolso idas Lousy + edenred,✅,
,31/03/2022,"€1 190,00","€0,00",Available to budget,💰 Checking,Transf Revo -> BCP,✅,
,31/03/2022,"€0,00","€1 190,00",Available to budget,💳 Revolut,Transf BCP -> Revo,✅,
,31/03/2022,"€8,76","€0,00",Auto Maintenance,💰 Checking,Compras Continente - Café + pão + fiambre,✅,
,01/04/2022,"€35,00","€0,00",Fun Money,💰 Checking,Cadeira escritório OLX,✅,
,02/04/2022,"€3,55","€0,00",Gasoline,💰 Checking,Portagens,✅,
,03/04/2022,"€5,60","€0,00",Fun Money,💳 Revolut,Mc c/ Rui Miguel,✅,
,04/04/2022,"€13,00","€0,00",Dining Out,💰 Checking,Kebab feira + finos + garra sonic + treino basket uni,✅,
,05/04/2022,"€0,00","€0,00",Fun Money,💰 Checking,,✅,
,06/04/2022,"€0,00","€0,00",Fun Money,💰 Checking,,✅,
,07/04/2022,"€2,30","€0,00",Gasoline,💰 Checking,Portagens,✅,
,08/04/2022,"€21,00","€0,00",Dining Out,💰 Checking,Jantar + Saída CES,✅,
,09/04/2022,"€9,97","€0,00",Auto Maintenance,💰 Checking,Pão + João Pires + Iogurtes + Teste COVID + Eosina,✅,
,10/04/2022,"€5,15","€0,00",Fun Money,💰 Checking,IQOS + Café Ruca,✅,
,11/04/2022,"€150,00","€0,00",House Rent,💰 Checking,Renda,✅,
,11/04/2022,"€8,43","€0,00",Water Bill,💰 Checking,Água,✅,
,12/04/2022,"€23,90","€0,00",G,💳 Revolut,3 + Talahs,✅,
,13/04/2022,"€11,00","€0,00",Cell Phone Bill,💰 Checking,Carregamento Tele,✅,
,14/04/2022,"€15,00","€0,00",Fun Money,💳 Revolut,Pagar adaptador + cabo,✅,
,15/04/2022,"€20,75","€0,00",Girlfriend,💰 Checking,Brunch + Fino + Trotinete,✅,
,15/04/2022,"€4,00","€0,00",Fun Money,💳 Revolut,Mc Pardinas,✅,
,16/04/2022,"€13,28","€0,00",Fun Money,💰 Checking,Vinho Tapada das Lebres + Gin,✅,
,16/04/2022,"€14,67","€0,00",Dining Out,💳 Revolut,Jantar Clandestino André + Teles,✅,
,17/04/2022,"€34,44","€20,00",Gasoline,💰 Checking,Gasolina + IVAucher,✅,
,18/04/2022,"€79,20","€0,00",Clothing,💰 Checking,Sweat Ralph,✅,
,19/04/2022,"€7,50","€0,00",Fun Money,💰 Checking,Prenda RubenX,✅,
,20/04/2022,"€2,95","€0,00",Gasoline,💰 Checking,Portagens,✅,
,20/04/2022,"€0,00","€114,50",Crypto,💳 Revolut,Levantamento binance,✅,
,21/04/2022,"€9,76","€0,00",Dining Out,💰 Checking,Almoço Ábaco - despedida Pedro F.,✅,
,22/04/2022,"€14,15","€0,00",Electric Bill,💰 Checking,Luz,✅,
,22/04/2022,"€0,00","€55,00",Clothing,Cash,Devolução prenda de anos,✅,
,23/04/2022,"€6,00","€0,00",G,💰 Checking,G Rui M,✅,
,24/04/2022,"€9,68","€0,00",Auto Maintenance,Cash,Lágrima + tomates mini preço,✅,
,25/04/2022,"€15,00","€0,00",Internet Bill,💰 Checking,Internet,✅,
,26/04/2022,"€2,50","€0,00",Fun Money,Cash,Iqadas,✅,
,27/04/2022,"€0,00","€1 242,32",Available to budget,💰 Checking,Ordenado,✅,
,28/04/2022,"€800,00","€0,00",Available to budget,💰 Checking,Transf BCP -> Revo,✅,
,28/04/2022,"€0,00","€800,00",Available to budget,💳 Revolut,Transf BCP -> Revo,✅,
,28/04/2022,"€14,85","€0,00",Dining Out,💰 Checking,Almoço André - Madureira,✅,
,29/04/2022,"€2,00","€0,00",HBO,💰 Checking,HBO Max,✅,
,30/04/2022,"€31,36","€0,00",Auto Maintenance,💰 Checking,Tomada elétrica paga c Nexo + viagem Bolt aeroporto,✅,
,01/05/2022,"€10,00","€0,00",Auto Maintenance,💰 Checking,10 paus aos porters em Joanesburgo,✅,
,02/05/2022,"€2,84","€0,00",Auto Maintenance,💳 Revolut,Bolachas e água - África do Sul,✅,
,03/05/2022,"€4,24","€0,00",Auto Maintenance,💳 Revolut,Cotonetes + halls,✅,
,04/05/2022,"€4,37","€0,00",Fun Money,💳 Revolut,Gin,✅,
,05/05/2022,"€526,00","€0,00",Crypto,💳 Revolut,Cripto (Futuros + hnt + matic),✅,
,06/05/2022,"€6,75","€0,00",Fun Money,💳 Revolut,Gin,✅,
,07/05/2022,"€13,70","€0,00",Fun Money,💳 Revolut,Tabaco + Chapéus,✅,
,08/05/2022,"€10,00","€0,00",Cell Phone Bill,💰 Checking,Carregamento Tele,✅,
,09/05/2022,"€6,92","€0,00",Water Bill,💰 Checking,Conta da água,✅,
,10/05/2022,"€10,30","€0,00",Fun Money,💳 Revolut,Tabaco + água + bolachas,✅,
,11/05/2022,"€0,00","€0,00",Fun Money,,,✅,
,12/05/2022,"€150,00","€0,00",House Rent,💰 Checking,Renda,✅,
,13/05/2022,"€0,00","€0,00",Fun Money,,,✅,
,14/05/2022,"€0,00","€0,00",Fun Money,,,✅,
,15/05/2022,"€5,00","€0,00",Fun Money,💰 Checking,Tips e merdas South Africa,✅,
,16/05/2022,"€300,00","€0,00",Crypto,💳 Revolut,CryptoStackers Lifetime,✅,
,17/05/2022,"€13,01","€0,00",Auto Maintenance,💳 Revolut,Antibiotico,✅,
,18/05/2022,"€19,40","€0,00",Electric Bill,💰 Checking,Conta da luz,✅,
,19/05/2022,"€20,00","€0,00",Fun Money,💰 Checking,Addo Park ,✅,
,20/05/2022,"€0,00","€0,00",Fun Money,,,✅,
,21/05/2022,"€0,00","€0,00",Fun Money,,,✅,
,22/05/2022,"€35,00","€0,00",Fun Money,💳 Revolut,Flea Market,✅,
,23/05/2022,"€121,01",,Vacations,💰 Checking,Alojamento ams,✅,
,24/05/2022,"€2,38","€0,00",Fun Money,💳 Revolut,Marl,✅,
,25/05/2022,"€11,00","€0,00",Cell Phone Bill,💰 Checking,Carregamento 11 paus,✅,
,26/05/2022,"€26,00","€0,00",Fun Money,💳 Revolut,Lembraças S.A.,✅,
,27/05/2022,"€20,80","€0,00",Girlfriend,💰 Checking,Almoço Manuela Praia de Salgueiros,✅,
,27/05/2022,"€0,00","€1 437,02",Available to budget,💰 Checking,Vencimento + mapa de despesas,✅,
,28/05/2022,"€46,49","€0,00",Auto Maintenance,💰 Checking,Pagamento consultas mijo de sangue,✅,
,29/05/2022,"€30,00","€0,00",Gasoline,💰 Checking,Gasóleo,✅,
,29/05/2022,"€24,50","€0,00",G,💳 Revolut,G + Iqada,✅,
,29/05/2022,"€37,50","€0,00",Auto Maintenance,💰 Checking,Compras continente + bilhetes comboio + compras pingo doce + João Cabeleireiro + Basket Uni,✅,
,30/05/2022,"€2,00","€0,00",HBO,💰 Checking,HBO,✅,
,31/05/2022,"€17,83","€0,00",Auto Maintenance,💰 Checking,Compras Continente Porto - Fruta + tomates + Johnny Pires + Farmácia + cerveja,✅,
,01/06/2022,"€9,00","€0,00",Girlfriend,💰 Checking,Jantar Ramen - Bebidas,✅,
,02/06/2022,"€150,00","€0,00",House Rent,💰 Checking,Pagamento renda,✅,
,03/06/2022,"€1,95","€0,00",G,💳 Revolut,Talhas,✅,
,04/06/2022,"€71,55","€20,00",Fun Money,💰 Checking,Transf Reis Rui - Prenda RP + Prenda Mãe TOUS + café + IQOS,✅,
,05/06/2022,"€27,50","€0,00",Fun Money,💰 Checking,Autocarro RiR + iqada,✅,
,06/06/2022,"€19,42","€0,00",Auto Maintenance,💰 Checking,Bilhetes metro + café + compras continente,✅,
,07/06/2022,"€945,00","€0,00",Available to budget,💰 Checking,Transf BCP -> Revo,✅,
,07/06/2022,"€0,00","€945,00",Available to budget,💳 Revolut,Transf BCP -> Revo,✅,
,07/06/2022,"€428,32","€0,00",Vacations,💳 Revolut,Bruxelas + Amesterdão,✅,
,08/06/2022,"€0,00","€0,00",Fun Money,💳 Revolut,Bruxelas + Amesterdão,✅,
,09/06/2022,"€0,00","€0,00",Fun Money,💳 Revolut,Bruxelas + Amesterdão,✅,
,10/06/2022,"€0,00","€0,00",Fun Money,💳 Revolut,Bruxelas + Amesterdão,✅,
,11/06/2022,"€0,00","€0,00",Fun Money,💳 Revolut,Bruxelas + Amesterdão,✅,
,12/06/2022,"€0,00","€0,00",Fun Money,💳 Revolut,Bruxelas + Amesterdão,✅,
,13/06/2022,"€50,29","€0,00",Auto Maintenance,💰 Checking,Compras Continente + Bilhetes Metro Z2 + Consulta Brocas,✅,
,14/06/2022,"€26,95","€0,00",G,💳 Revolut,Onça lm + Iqos (13 e 17/06) + G,✅,
,15/06/2022,"€28,90","€0,00",Fun Money,💰 Checking,Finos + francesinha + trotinete + prenda kiki,✅,
,16/06/2022,"€12,06","€0,00",Auto Maintenance,💰 Checking,Trotinete comboio + compras pingo doce,✅,
,17/06/2022,"€2,30","€0,00",Gasoline,💰 Checking,Portagens,✅,
,17/06/2022,"€6,10","€0,00",Water Bill,💰 Checking,Água,✅,
,17/06/2022,"€13,07","€0,00",Electric Bill,💰 Checking,Luz,✅,
,18/06/2022,"€0,00","€0,00",Fun Money,💰 Checking,,✅,
,19/06/2022,"€0,00","€0,00",Fun Money,💰 Checking,,✅,
,20/06/2022,"€21,00","€0,00",Fun Money,💰 Checking,Fotos corrida conti,✅,
,21/06/2022,"€14,50","€0,00",Auto Maintenance,💰 Checking,Compras Continente,✅,
,22/06/2022,"€10,20","€0,00",Cell Phone Bill,💰 Checking,Carregamento Telemóvel,✅,
,23/06/2022,"€10,00","€0,00",Fun Money,💰 Checking,São João,✅,
,24/06/2022,"€13,04","€0,00",Fun Money,💰 Checking,Bilhetes Lisa Flixbus + pipos + lanche Continente,✅,
,25/06/2022,"€49,10","€0,00",Fun Money,💰 Checking,Café + Bilhete comboio + Metro Lisboa + Custos RiR,✅,
,26/06/2022,"€0,00","€0,00",Fun Money,💳 Revolut,,✅,
,27/06/2022,"€4,19","€0,00",Auto Maintenance,💰 Checking,,✅,
,28/06/2022,"€0,00","€3 244,56",Available to budget,💰 Checking,Vencimento + IRS,✅,
,28/06/2022,"€2 700,00","€0,00",Available to budget,💰 Checking,Transf BCP -> Revo,✅,
,28/06/2022,"€0,00","€2 700,00",Available to budget,💳 Revolut,Transf BCP -> Revo,✅,
,29/06/2022,"€258,50","€0,00",Crypto,💳 Revolut,Transf Cripto,✅,
,29/06/2022,"€2,00","€0,00",HBO,💰 Checking,HBO Max,✅,
,30/06/2022,"€12,50","€0,00",Auto Maintenance,💰 Checking,Metro,✅,
,30/06/2022,"€2,50","€0,00",Fun Money,💰 Checking,Finos after work,✅,
,30/06/2022,"€4,40","€0,00",Auto Maintenance,💰 Checking,Portagens,✅,
,01/07/2022,"€46,04","€45,00",Auto Maintenance,💳 Revolut,Comboio + trotinete + fino + café + continente + cadeira,✅,
,02/07/2022,"€32,80","€0,00",G,💰 Checking,G + iqos,✅,
,03/07/2022,"€0,65","€0,00",Fun Money,💳 Revolut,Café bomba,✅,
,04/07/2022,"€40,00","€0,00",Dining Out,💳 Revolut,Jantar Clube de Vela,✅,
,05/07/2022,"€6,20","€0,00",Fun Money,💳 Revolut,Fino Barra - Reis/Rui+ iqos,✅,
,06/07/2022,"€0,00","€0,00",Fun Money,💰 Checking,Devolução Flixbus,✅,
,06/07/2022,"€12,00","€0,00",Spotify,💰 Checking,Spoti,✅,
,07/07/2022,"€1,99","€0,00",Auto Maintenance,💰 Checking,Máscaras,✅,
,08/07/2022,"€10,55","€0,00",Dining Out,💰 Checking,Almoço despedida Catarina CES,✅,
,09/07/2022,"€5,15","€0,00",G,💰 Checking,IQADA + café,✅,
,09/07/2022,"€22,09","€0,00",Auto Maintenance,💰 Checking,Comboio + trotinete + Farmácia,✅,
,09/07/2022,"€31,00","€0,00",Dining Out,💰 Checking,Sardinhada Edenred,✅,
,10/07/2022,"€3,00","€0,00",Fun Money,💰 Checking,Trotinete casa do André,✅,
,11/07/2022,"€10,80","€0,00",Water Bill,💰 Checking,Conta água,✅,
,12/07/2022,"€9,00","€0,00",G,💳 Revolut,IQADA + IQADA (14/07),✅,
,13/07/2022,"€1,94","€0,00",Auto Maintenance,💰 Checking,Água + sacos do lixo continente,✅,
,14/07/2022,"€4,05","€0,00",Fun Money,💳 Revolut,Finaças + café,✅,
,15/07/2022,"€47,04","€0,00",Auto Maintenance,💰 Checking,Lavagem carro + consulta psicologia + café + compras continente + portagens,✅,
,16/07/2022,"€22,50","€0,00",G,💰 Checking,G + iqos,✅,
,16/07/2022,"€28,60","€0,00",Auto Maintenance,💰 Checking,Medicamentos psicóloga + Afonso Cabeleireiro,✅,
,17/07/2022,"€25,17","€0,00",Fun Money,💰 Checking,Iqos + comboio + marés vivas,✅,
,18/07/2022,"€29,18","€0,00",Electric Bill,💰 Checking,,✅,
,19/07/2022,"€62,00","€0,00",Dining Out,💰 Checking,Ramo flores + jantar,✅,
,19/07/2022,"€51,15","€0,00",Gasoline,💰 Checking,Gasolina,✅,
,19/07/2022,"€8,80","€0,00",Dining Out,💳 Revolut,Almoço de equipa,✅,
,20/07/2022,"€11,00","€0,00",Cell Phone Bill,💰 Checking,Carregamento Tele,✅,
,21/07/2022,"€12,50","€0,00",Auto Maintenance,💳 Revolut,Bilhetes andante,✅,
,22/07/2022,"€11,00","€0,00",Fun Money,💳 Revolut,Bebidas noite Porto,✅,
,23/07/2022,"€1,45","€0,00",Auto Maintenance,💰 Checking,Portagens,✅,
,24/07/2022,"€14,99","€0,00",Clothing,💰 Checking,Roupa,✅,
,24/07/2022,"€150,00","€0,00",House Rent,💰 Checking,Renda,✅,
,25/07/2022,"€30,00","€350,00",Auto Maintenance,💳 Revolut,Consulta Psicologia + Venda Macbook,✅,
,26/07/2022,"€4,50","€0,00",Fun Money,💳 Revolut,IQADA,✅,
,27/07/2022,"€0,00","€1 298,58",Available to budget,💰 Checking,Ordenado,✅,
,27/07/2022,"€9,88","€0,00",Dining Out,💰 Checking,Almoço despedida Samuel CES,✅,
,28/07/2022,"€1 000,00","€0,00",Available to budget,💰 Checking,Transf BCP -> Revo,✅,
,28/07/2022,"€0,00","€1 000,00",Available to budget,💳 Revolut,Transf BCP -> Revo,✅,
,28/07/2022,"€24,17","€0,00",Fun Money,💰 Checking,IQADA + Padel + raquetes + Prenda Rui Martins,✅,
,29/07/2022,"€9,55","€0,00",Dining Out,💰 Checking,Almoço Carolina e Sofia,✅,
,29/07/2022,"€3,99","€0,00",HBO,💰 Checking,HBO,✅,
,30/07/2022,"€39,40","€0,00",Gasoline,💰 Checking,Gasolina + portagens,✅,
,31/07/2022,"€11,00","€0,00",Fun Money,💰 Checking,Café + IQADA + Folhado de chocolate + finos Miguel Maia,✅,
,31/07/2022,"€9,11","€0,00",Auto Maintenance,💰 Checking,Compras continente,✅,
,01/08/2022,"€4 500,00","€0,00",Car,💳 Revolut,Carro,✅,
,02/08/2022,"€411,85","€0,00",Car Insurance,💰 Checking,Seguro carro,✅,
,03/08/2022,"€4,50","€0,00",Fun Money,💳 Revolut,IQADA,✅,
,03/08/2022,"€13,15","€0,00",Dining Out,💳 Revolut,Almoço CES,✅,
,04/08/2022,"€1,82","€0,00",Auto Maintenance,💰 Checking,Continente - pão + águas c/ gás,✅,
,05/08/2022,"€26,45","€0,00",Gasoline,💰 Checking,Gasóleo + Portagens,✅,
,06/08/2022,"€32,29","€0,00",Fun Money,💰 Checking,Expofacic + finos + 2 IQADAS + Bolinhos + Morangão,✅,
,06/08/2022,"€30,00","€0,00",Auto Maintenance,💰 Checking,Psicóloga,✅,
,07/08/2022,"€5,00","€0,00",G,💰 Checking,G,✅,
,08/08/2022,"€12,50","€0,00",Auto Maintenance,💰 Checking,passe metro,✅,
,09/08/2022,"€5,10","€0,00",Fun Money,💰 Checking,,✅,
,09/08/2022,"€456,56","€0,00",Crypto,💳 Revolut,"0.27 eth - 1655,39€",✅,
,10/08/2022,"€3,20","€0,00",Fun Money,💰 Checking,Peq Almoço Ritual,✅,
,11/08/2022,"€10,50","€0,00",Fun Money,💰 Checking,Peq Almoço Ritual - Carlão + IQADA,✅,
,11/08/2022,"€300,00","€0,00",House Rent,💰 Checking,Renda,✅,
,11/08/2022,"€7,65","€0,00",Dining Out,💰 Checking,Almoço Carlão,✅,
,12/08/2022,"€4,50","€0,00",Fun Money,💰 Checking,Peq Almoço - Gonçalo,✅,
,13/08/2022,"€20,00","€0,00",Gasoline,💰 Checking,Gasóleo,✅,
,14/08/2022,"€11,00","€0,00",Cell Phone Bill,💰 Checking,Carregamento móvel,✅,
,15/08/2022,"€3,50","€0,00",Fun Money,💰 Checking,Café Aeroporto,✅,
,16/08/2022,"€2,90","€0,00",Gasoline,💰 Checking,Portagens,✅,
,17/08/2022,"€40,00","€0,00",Fun Money,💰 Checking,Charutos Havana,✅,
,18/08/2022,"€9,00","€0,00",Fun Money,💰 Checking,IQADA Cuba,✅,
,19/08/2022,"€20,00","€0,00",G,💰 Checking,3g,✅,
,20/08/2022,"€4,50","€0,00",Fun Money,💳 Revolut,IQOS,✅,
,20/08/2022,"€35,80","€0,00",Dining Out,💰 Checking,Almoço Lisa,✅,
,21/08/2022,"€4,50","€0,00",Fun Money,💰 Checking,Finos Pati + RúbenX,✅,
,22/08/2022,"€3,20","€0,00",Auto Maintenance,💰 Checking,Pão de forma + Fiambre,✅,
,22/08/2022,"€1,45","€0,00",Gasoline,💰 Checking,Portagens,✅,
,23/08/2022,"€24,45","€0,00",Dining Out,💰 Checking,Finaças CES + IQADA + Jantar Taberna Belga,✅,
,24/08/2022,"€65,00","€0,00",Fun Money,💰 Checking,Bilhete Coldplay,✅,
,25/08/2022,"€24,52","€0,00",Dining Out,💳 Revolut,Jantar Churrasqueira Amial + Talhas + Iqada,✅,
,26/08/2022,"€17,79","€0,00",Gasoline,💰 Checking,"Gasóleo 1,749",✅,
,27/08/2022,"€53,00","€0,00",Auto Maintenance,💰 Checking,Compras Jumbo,✅,
,28/08/2022,"€6,00","€0,00",Fun Money,💳 Revolut,IQADA,✅,
,29/08/2022,"€0,00","€1 227,00",Available to budget,💰 Checking,Vencimento,✅,
,29/08/2022,"€14,83","€0,00",Water Bill,💰 Checking,Conta água,✅,
,29/08/2022,"€24,29","€0,00",Electric Bill,💰 Checking,Conta Luz,✅,
,29/08/2022,"€3,99","€0,00",HBO,💰 Checking,HBO,✅,
,29/08/2022,"€650,00","€0,00",Available to budget,💰 Checking,Transf BCP -> Revo,✅,
,29/08/2022,"€0,00","€650,00",Available to budget,💳 Revolut,Transf BCP -> Revo,✅,
,30/08/2022,"€13,36","€0,00",Auto Maintenance,💳 Revolut,Lancheira Continente,✅,
,31/08/2022,"€6,00","€0,00",Fun Money,💳 Revolut,IQADA + Caneca after work,✅,
,01/09/2022,"€3,55","€0,00",Gasoline,💰 Checking,Portagens,✅,
,01/09/2022,"€9,70","€0,00",Dining Out,💰 Checking,Peq Almoço Ritual + Almoço,✅,
,01/09/2022,"€7,99","€0,00",Auto Maintenance,💰 Checking,Consultas SAMS (mijo com sangue),✅,
,02/09/2022,"€30,00","€0,00",Gasoline,💰 Checking,"Gasóleo 1,769",✅,
,02/09/2022,"€180,00","€0,00",Vacations,💳 Revolut,Viagem Budapeste + Parlamento + Hotel,✅,
,03/09/2022,"€6,70","€0,00",Fun Money,💰 Checking,Café Bomba + Finos Praça,✅,
,04/09/2022,"€10,00","€0,00",Fun Money,💰 Checking,Pracex c/ Rita/Leite,✅,
,05/09/2022,"€32,95","€0,00",Auto Maintenance,💰 Checking,Corte Afonso + compras continente,✅,
,05/09/2022,"€35,00","€0,00",Auto Maintenance,💳 Revolut,Consulta olhos Coimbra,✅,
,06/09/2022,"€2,50","€0,00",Fun Money,💳 Revolut,Café + Cola offshore,✅,
,07/09/2022,"€120,14","€0,00",Clothing,💳 Revolut,Compras Tiffosi Calças + Blusão,✅,
,07/09/2022,"€1,05","€0,00",Gasoline,💰 Checking,Portagens,✅,
,07/09/2022,"€11,75","€0,00",Fun Money,💰 Checking,2*IQOS + 2 cafés + Pão,✅,
,08/09/2022,"€30,00","€16,00",Auto Maintenance,💰 Checking,Pagamento cóima + reembolso flixbus Lisa,✅,
,09/09/2022,"€20,00","€0,00",G,💳 Revolut,G,✅,
,09/09/2022,"€15,03","€0,00",Gasoline,💰 Checking,Gasolina,✅,
,10/09/2022,"€2,50","€0,00",Fun Money,💰 Checking,Finos Madalena,✅,
,10/09/2022,"€7,91","€0,00",Auto Maintenance,💰 Checking,Compras continente + pão,✅,
,11/09/2022,"€120,00","€0,00",Crypto,💳 Revolut,Binance,✅,
,11/09/2022,"€12,45","€0,00",G,💳 Revolut,Tabaquex + IQOS,✅,
,12/09/2022,"€14,59","€0,00",Water Bill,💰 Checking,Conta água setembro,✅,
,12/09/2022,"€3,06","€0,00",Auto Maintenance,💳 Revolut,Compras minipreço,✅,
,12/09/2022,"€7,80","€0,00",Auto Maintenance,💰 Checking,Portagens,✅,
,13/09/2022,"€5,00","€0,00",Fun Money,💰 Checking,Prenda Reis,✅,
,14/09/2022,"€11,00","€0,00",Cell Phone Bill,💰 Checking,Saldo telemóvel,✅,
,15/09/2022,"€11,00","€0,00",Fun Money,💳 Revolut,Prenda mãe,✅,
,16/09/2022,"€0,00","€0,00",Fun Money,💰 Checking,,✅,
,17/09/2022,"€5,50","€0,00",Fun Money,💳 Revolut,Uber,✅,
,18/09/2022,"€6,64","€0,00",Auto Maintenance,💳 Revolut,Café Mãe + Continente,✅,
,18/09/2022,"€213,01","€0,00",Vacations,💳 Revolut,"Viagem Budapeste (85 494,91 UHT)",✅,
,19/09/2022,"€13,10","€0,00",Auto Maintenance,💰 Checking,Passe metro,✅,
,19/09/2022,"€1,85","€0,00",Fun Money,💳 Revolut,Ritual c/ Sofia,✅,
,20/09/2022,"€8,48","€0,00",Fun Money,💰 Checking,Chapéu Elesse Ruizão,✅,
,21/09/2022,"€300,00","€0,00",House Rent,💰 Checking,Renda,✅,
,21/09/2022,"€24,84","€0,00",Electric Bill,💰 Checking,Luz,✅,
,22/09/2022,"€1,45","€0,00",Gasoline,💰 Checking,Portagens,✅,
,22/09/2022,"€0,00","€20,00",Available to budget,💰 Checking,Pagamento Picagem de Billhetes Centro de Congressos,✅,
,22/09/2022,"€11,00","€0,00",Fun Money,💳 Revolut,Finos + IQOS + Magnum Sandwich,✅,
,23/09/2022,"€24,10","€0,00",Dining Out,💰 Checking,Pequeno Almoço Mary + Almoço + Compras Bebida + Pizza,✅,
,24/09/2022,"€4,50","€0,00",Fun Money,💳 Revolut,IQADA,✅,
,24/09/2022,"€23,07","€0,00",Clothing,💳 Revolut,Calças Quebramar,✅,
,25/09/2022,"€7,79","€0,00",Auto Maintenance,💰 Checking,João Pires + Lavagem Carro,✅,
,26/09/2022,"€3,15","€0,00",Fun Money,💰 Checking,Ritual c/ Tiago,✅,
,26/09/2022,"€16,75","€0,00",Gasoline,💰 Checking,Gasóleo + Portagens,✅,
,27/09/2022,"€4,50","€0,00",Fun Money,💳 Revolut,IQADA,✅,
,27/09/2022,"€12,50","€0,00",Auto Maintenance,💳 Revolut,Passe metro,✅,
,28/09/2022,"€1,20","€0,00",Fun Money,💳 Revolut,Fino,✅,
,28/09/2022,"€10,00","€0,00",Fun Money,💳 Revolut,IQADA + ribeira M,✅,
,28/09/2022,"€0,00","€1 415,52",Available to budget,💰 Checking,Vencimento + Despesas Lousy,✅,
,28/09/2022,"€1 309,00","€0,00",Available to budget,💰 Checking,Transf Revo -> BCP,✅,
,28/09/2022,"€0,00","€1 309,00",Available to budget,💳 Revolut,Transf BCP -> Revo,✅,
,29/09/2022,"€3,99","€0,00",HBO,💰 Checking,Mensalidade HBO,✅,
,30/09/2022,"€5,20","€0,00",Fun Money,💰 Checking,IQADA + café,✅,
,01/10/2022,"€54,74","€0,00",Auto Maintenance,💰 Checking,Compras continente,✅,
,02/10/2022,"€21,06","€0,00",Fun Money,💰 Checking,Jantar casa da Mariana + roulotes Vitor + bird + cinema + IQADA,✅,
,03/10/2022,"€12,50","€0,00",Auto Maintenance,💰 Checking,Passe metro,✅,
,04/10/2022,"€4,20","€0,00",Gasoline,💰 Checking,Portagens + portagens casa da Mariana,✅,
,04/10/2022,"€9,90","€0,00",Fun Money,💳 Revolut,IQADA + Cinema,✅,
,04/10/2022,"€12,00","€0,00",Dining Out,💳 Revolut,Jantar Casa do André,✅,
,05/10/2022,"€5,70","€0,00",Fun Money,💰 Checking,IQADA + Finos,✅,
,05/10/2022,"€16,10","€0,00",Fun Money,💰 Checking,Comedy Fest,✅,
,05/10/2022,"€4,76","€0,00",Auto Maintenance,💰 Checking,Compras Continente,✅,
,06/10/2022,"€10,45","€0,00",Fun Money,💰 Checking,2*IQADA + Finos + Café,✅,
,07/10/2022,"€11,28","€0,00",Dining Out,💰 Checking,Jantar Pedro + Sofia + Mariana,✅,
,08/10/2022,"€56,75","€0,00",Gasoline,💰 Checking,55 de Gasóleo a 1.709 + portagens,✅,
,09/10/2022,"€21,79","€0,00",G,💳 Revolut,G + Talhas,✅,
,10/10/2022,"€300,00","€0,00",House Rent,💰 Checking,Renda,✅,
,11/10/2022,"€4,00","€0,00",Fun Money,💳 Revolut,IQADA,✅,
,12/10/2022,"€500,00","€0,00",Car,💰 Checking,Dívida 500 carro,✅,
,12/10/2022,"€11,00","€0,00",Cell Phone Bill,💰 Checking,Carregamento telemóvel,✅,
,12/10/2022,"€12,50","€0,00",Auto Maintenance,💰 Checking,Carregamento Andante,✅,
,13/10/2022,"€17,42","€0,00",Fun Money,💳 Revolut,IQADA + Fino + Natas/Tomate Continente,✅,
,14/10/2022,"€9,50","€0,00",Fun Money,💳 Revolut,IQADA + Jantar BKing + 100Montaditos,✅,
,15/10/2022,"€23,57","€0,00",Auto Maintenance,💳 Revolut,Rosas mãe + compras continente + Vacina gripe,✅,
,16/10/2022,"€3,00","€0,00",Fun Money,💳 Revolut,Minis Eça de Queirós Curado/Teles,✅,
,17/10/2022,"€4,00","€0,00",Fun Money,💳 Revolut,IQADA,✅,
,17/10/2022,"€3,53","€0,00",Auto Maintenance,💰 Checking,Pão + Desodorizante,✅,
,18/10/2022,"€20,00","€0,00",Fun Money,💰 Checking,Regula Coliseu,✅,
,18/10/2022,"€165,80","€0,00",Clothing,💰 Checking,Calçado Aboutyou,✅,
,19/10/2022,"€4,00","€0,00",Fun Money,💳 Revolut,IQADA,✅,
,20/10/2022,"€8,30","€0,00",Dining Out,💳 Revolut,Almoço Fora CES,✅,
,20/10/2022,"€4,80","€0,00",Fun Money,💳 Revolut,Finos,✅,
,21/10/2022,"€3,20","€0,00",Fun Money,💳 Revolut,Pequeno Almoço Ritual,✅,
,22/10/2022,"€31,15","€1,44",Auto Maintenance,💰 Checking,Compras Minipreço + lavar a roupa + compras continente + reembolso compras continente Aveiro (mãe) + Andante,✅,
,23/10/2022,"€4,00","€0,00",Fun Money,💳 Revolut,IQADA,✅,
,24/10/2022,"€27,72","€0,00",Electric Bill,💰 Checking,Conta da Luz,✅,
,25/10/2022,"€4,35","€0,00",Gasoline,💰 Checking,Portagens,✅,
,25/10/2022,"€2,67","€0,00",Fun Money,💳 Revolut,Velas Mariana + Cheesecakinho + Café Mabor,✅,
,26/10/2022,"€20,00","€0,00",Gasoline,💳 Revolut,20 paus de gasosa,✅,
,26/10/2022,"€4,50","€0,00",Fun Money,💳 Revolut,IQADA,✅,
,27/10/2022,"€0,00","€1 481,61",Available to budget,💰 Checking,Vencimento + 125 paus Costa,✅,
,27/10/2022,"€1 254,00","€0,00",Available to budget,💰 Checking,Transf Revo -> BCP,✅,
,27/10/2022,"€0,00","€1 254,00",Available to budget,💳 Revolut,Transf BCP -> Revo,✅,
,27/10/2022,"€19,99","€0,00",Fun Money,💳 Revolut,Escalada + finos + Mc + Croissant de chocolate + Talhas,✅,
,28/10/2022,"€12,50","€0,00",Auto Maintenance,💰 Checking,Cabelo João,✅,
,28/10/2022,"€14,00","€0,00",Clothing,💰 Checking,Timberland Atacadores/Impermeabilizante,✅,
,29/10/2022,"€14,65","€0,00",Fun Money,💳 Revolut,Noite Pardinas,✅,
,30/10/2022,"€8,00","€0,00",Fun Money,💳 Revolut,IQADA,✅,
,30/10/2022,"€15,00","€0,00",Gasoline,💰 Checking,Gasóleo,✅,
,31/10/2022,"€7,60","€0,00",Water Bill,💰 Checking,Conta da água,✅,
,01/11/2022,"€4,99","€0,00",HBO,💰 Checking,Subscrição HBO,✅,
,02/11/2022,"€5,00","€0,00",Gasoline,💰 Checking,Portagens,✅,
,03/11/2022,"€0,00","€0,00",Fun Money,💰 Checking,,✅,
,04/11/2022,"€0,00","€0,00",Fun Money,💰 Checking,,✅,
,05/11/2022,"€28,20","€0,00",Fun Money,💳 Revolut,Viagem Comboio Puchóv -> Brno,✅,
,06/11/2022,"€10,77","€0,00",Fun Money,💳 Revolut,Gastos Brno,✅,
,07/11/2022,"€12,31","€0,00",Fun Money,💳 Revolut,Estadia Cracóvia ,✅,
,08/11/2022,"€4,50","€0,00",Fun Money,💳 Revolut,Badminton Aqua Sport,✅,
,09/11/2022,"€23,40","€0,00",Fun Money,💳 Revolut,Auschwitz,✅,
,10/11/2022,"€11,00","€0,00",Cell Phone Bill,💰 Checking,Carregamento Telemóvel,✅,
,10/11/2022,"€10,76","€0,00",Water Bill,💰 Checking,Conta Água,✅,
,11/11/2022,"€188,34","€0,00",Fun Money,💳 Revolut,PDA Bruxelas,✅,
,12/11/2022,"€10,00","€0,00",Fun Money,💰 Checking,Prenda do Gonçalo,✅,
,12/11/2022,"€23,54","€0,00",Fun Money,💳 Revolut,Cracóvia,✅,
,13/11/2022,"€2,70","€0,00",Fun Money,💳 Revolut,Badminton Aqua Sport,✅,
,14/11/2022,"€3,49","€0,00",Fun Money,💳 Revolut,Clipper,✅,
,15/11/2022,"€2,50","€0,00",Fun Money,💳 Revolut,Gorjeta,✅,
,16/11/2022,"€1,45","€0,00",Gasoline,💰 Checking,Portagens,✅,
,17/11/2022,"€0,00","€215,86",Available to budget,💳 Revolut,Excesso Continental,✅,
,18/11/2022,"€31,02","€0,00",Auto Maintenance,💳 Revolut,Peq Almoço + Compras Continente + Azeite Gallo,✅,
,18/11/2022,"€3,75","€0,00",Fun Money,💳 Revolut,Lanche,✅,
,18/11/2022,"€18,13","€0,00",Dining Out,💳 Revolut,"Jantar + Finos SS, Pedro e Gonçalo",✅,
,19/11/2022,"€2,25","€0,00",Fun Money,💳 Revolut,Água no Mc + Café,✅,
,20/11/2022,"€18,00","€0,00",G,💳 Revolut,G,✅,
,21/11/2022,"€7,95","€0,00",Auto Maintenance,💰 Checking,Guarda-Chuva,✅,
,21/11/2022,"€5,85","€0,00",Fun Money,💳 Revolut,Entradas Jantar Sofia + Fitz Marine,✅,
,22/11/2022,"€219,00","€200,00",Auto Maintenance,💳 Revolut,,✅,
,23/11/2022,"€12,50","€0,00",Auto Maintenance,💰 Checking,Andante,✅,
,24/11/2022,"€50,00","€0,00",Auto Maintenance,💰 Checking,Andante + Caçarola,✅,
,25/11/2022,"€571,20","€0,00",Fun Money,💳 Revolut,Airpods  Pro 2 + Chocolates Dª Vera + compras amazon + Mic Shure,✅,
,26/11/2022,"€2,95","€0,00",Fun Money,💳 Revolut,Peq Almoço Continente,✅,
,26/11/2022,"€9,58","€0,00",Auto Maintenance,💰 Checking,Compras Continente,✅,
,26/11/2022,"€44,00","€0,00",Clothing,💳 Revolut,Sweat Levis,✅,
,26/11/2022,"€9,60","€0,00",Fun Money,💳 Revolut,Finos + Jack Daniels Mel + Bolinhos,✅,
,27/11/2022,"€51,50","€0,00",Fun Money,💳 Revolut,IQOS + Boom Arm,✅,
,28/11/2022,"€0,00","€2 568,25",Available to budget,💰 Checking,Vencimento + Subs Férias,✅,
,28/11/2022,"€2 485,00","€0,00",Available to budget,💰 Checking,Transf BCP -> Revo,✅,
,28/11/2022,"€0,00","€2 485,00",Available to budget,💳 Revolut,Transf BCP -> Revo,✅,
,28/11/2022,"€17,60","€0,00",Dining Out,💳 Revolut,2 canecas + Jantar Tasquinha do Caco,✅,
,29/11/2022,"€24,16","€0,00",Electric Bill,💰 Checking,Conta da Luz,✅,
,29/11/2022,"€3,99","€0,00",HBO,💰 Checking,Mensalidade HBO,✅,
,29/11/2022,"€9,54","€0,00",Dining Out,💳 Revolut,Almoço Tertúlia,✅,
,29/11/2022,"€600,00","€0,00",House Rent,💰 Checking,Renda Nov + Dez,✅,
,30/11/2022,"€9,78","€0,00",Fun Money,💳 Revolut,Compras minipreço + IQADA,✅,
,30/11/2022,"€1,45","€0,00",Gasoline,💰 Checking,Portagens,✅,
,01/12/2022,"€20,00","€0,00",G,💳 Revolut,3 g,✅,
,02/12/2022,"€7,40","€0,00",Auto Maintenance,💰 Checking,Lavagem Carro + Bananas + Iogurte,✅,
,03/12/2022,"€8,50","€0,00",Fun Money,💳 Revolut,Café + Fino (Fonte Nova) + IQADA + Cachito + Café Bomba,✅,
,04/12/2022,"€50,06","€0,00",Gasoline,💰 Checking,Gasóleo,✅,
,04/12/2022,"€2,45","€0,00",Auto Maintenance,💰 Checking,Pão + Caramelos,✅,
,05/12/2022,"€6,50","€0,00",Auto Maintenance,💰 Checking,Livro de poesia - Ela,✅,
,06/12/2022,"€5,50","€0,00",Fun Money,💳 Revolut,IQADA + Talhas,✅,
,06/12/2022,"€13,44","€0,00",Auto Maintenance,💳 Revolut,Compras Continente,✅,
,06/12/2022,"€9,00","€0,00",Fun Money,💰 Checking,Adaptador HDMI + IQADA,✅,
,07/12/2022,"€11,00","€0,00",Cell Phone Bill,💰 Checking,Carregamento Telemóvel,✅,
,08/12/2022,"€23,08","€0,00",Auto Maintenance,💳 Revolut,Compras Jumbo Mar Shopping,✅,
,08/12/2022,"€10,00","€0,00",Fun Money,💳 Revolut,Prenda André,✅,
,09/12/2022,"€1,45","€0,00",Gasoline,💰 Checking,Portagens,✅,
,09/12/2022,"€30,49","€0,00",Fun Money,💳 Revolut,EZcast Mac,✅,
,09/12/2022,"€45,45","€0,00",Fun Money,💳 Revolut,Prenda de Natal Mãe,✅,
,10/12/2022,"€8,40","€0,00",Fun Money,💳 Revolut,Iqada + 2*café + café mãe,✅,
,11/12/2022,"€11,21","€0,00",Auto Maintenance,💳 Revolut,Compras Continente,✅,
,12/12/2022,"€7,95","€0,00",Fun Money,💳 Revolut,Onça LM,✅,
,13/12/2022,"€4,00","€0,00",Fun Money,💳 Revolut,IQADA,✅,
,14/12/2022,"€0,00","€0,00",Fun Money,💳 Revolut,,✅,
,15/12/2022,"€4,00","€0,00",Fun Money,💳 Revolut,iQADA,✅,
,15/12/2022,"€8,33","€0,00",Dining Out,💳 Revolut,Almoço equipa x-tech,✅,
,16/12/2022,"€2,90","€0,00",Gasoline,💰 Checking,Portagens,✅,
,16/12/2022,"€7,93","€0,00",Water Bill,💰 Checking,Conta água,✅,
,16/12/2022,"€25,21","€0,00",Electric Bill,💰 Checking,conta luz,✅,
,17/12/2022,"€14,17","€0,00",Auto Maintenance,💳 Revolut,Compras Continente,✅,
,17/12/2022,"€8,00","€0,00",Fun Money,💳 Revolut,IQADA,✅,
,18/12/2022,"€10,03","€0,00",Auto Maintenance,💰 Checking,Produtos para a noda de tinto - Casaco,✅,
,18/12/2022,"€21,00","€0,00",G,💳 Revolut,G,✅,
,19/12/2022,"€0,00","€120,00",Fun Money,💰 Checking,Venda AirPods Pro antigos,✅,
,20/12/2022,"€0,00","€0,00",Fun Money,💰 Checking,,✅,
,21/12/2022,"€0,00","€0,00",Fun Money,💰 Checking,,✅,
,22/12/2022,"€28,49","€0,00",Dining Out,💳 Revolut,Almoço Ábaco + Jantar Barril,✅,
,23/12/2022,"€29,00","€0,00",G,💳 Revolut,5g + IQADA,✅,
,24/12/2022,"€4,90","€0,00",Fun Money,💳 Revolut,Fino Maria + Bolinhos,✅,
,24/12/2022,"€69,10","€50,00",Fun Money,💳 Revolut,Prenda Rita + Café + Prenda Tó Silva,✅,
,24/12/2022,"€26,00","€0,00",Gasoline,💳 Revolut,Gasóleo,✅,
,24/12/2022,"€4,99","€0,00",Prime,💳 Revolut,Amazon Prime,✅,
,25/12/2022,"€4,00","€0,00",Fun Money,💳 Revolut,IQADA,✅,
,26/12/2022,"€0,00","€0,00",Fun Money,💰 Checking,,✅,
,27/12/2022,"€0,00","€1 318,46",Available to budget,💰 Checking,Vencimento,✅,
,28/12/2022,"€4,00","€0,00",Fun Money,💰 Checking,IQADA,✅,
,28/12/2022,"€8,06","€0,00",Dining Out,💳 Revolut,Almoço Ábaco,✅,
,28/12/2022,"€1 430,00","€0,00",Available to budget,💰 Checking,Transf BCP -> Revo,✅,
,28/12/2022,"€0,00","€1 430,00",Available to budget,💳 Revolut,Transf BCP -> Revo,✅,
,28/12/2022,"€2 500,00","€0,00",Available to budget,💳 Revolut,Certificados de Aforro,✅,
,28/12/2022,"€3,39","€0,00",Auto Maintenance,💳 Revolut,Testes Covid,✅,
,29/12/2022,"€17,59","€0,00",Fun Money,💳 Revolut,Autocarro Charlerois -> Bruxelas,✅,
,29/12/2022,"€7,39","€0,00",Auto Maintenance,💰 Checking,Compras Continente,✅,
,29/12/2022,"€11,00","€0,00",Cell Phone Bill,💰 Checking,Mensalidade Telemóvel,✅,
,30/12/2022,"€329,71","€0,00",Fun Money,💳 Revolut,Viagem Bru/Ams,✅,
,31/12/2022,"€0,00","€0,00",Fun Money,💳 Revolut,,✅,
,01/01/2023,"€0,00","€0,00",Fun Money,💳 Revolut,,✅,
,02/01/2023,"€5,90","€0,00",Fun Money,💳 Revolut,Talhas + Iqada,✅,
,02/01/2023,"€2,50","€0,00",Auto Maintenance,💳 Revolut,Tomates,✅,
,03/01/2023,"€3,90","€0,00",Gasoline,💰 Checking,Portagens,✅,
,03/01/2023,"€3,99","€0,00",HBO,💰 Checking,Mensalidade HBO,✅,
,03/01/2023,"€12,00","€0,00",Spotify,💰 Checking,Anualidade Spoti,✅,
,03/01/2023,"€106,45","€0,00",Clothing,💳 Revolut,Casaco RL,✅,
,04/01/2023,"€13,00","€0,00",Auto Maintenance,💰 Checking,Passe Metro,✅,
,05/01/2023,"€19,86","€0,00",Auto Maintenance,💳 Revolut,Compras Continente,✅,
,05/01/2023,"€7,50","€0,00",Auto Maintenance,💰 Checking,Arranjo Tissot Pai,✅,
,06/01/2023,"€5,80","€0,00",Fun Money,💰 Checking,Fino + IQADA,✅,
,06/01/2023,"€3,65","€0,00",Gasoline,💰 Checking,Portagens,✅,
,06/01/2023,"€24,75","€0,00",Dining Out,💳 Revolut,Jantar Brasão Gaia,✅,
,06/01/2023,"€5,20","€0,00",Auto Maintenance,💰 Checking,Compras Continente,✅,
,07/01/2023,"€18,50","€0,00",Fun Money,💳 Revolut,IQADA + Fino + Bola Basket,✅,
,07/01/2023,"€161,00","€0,00",Clothing,💳 Revolut,Calçado Timberland + Luvas,✅,
,08/01/2023,"€9,00","€0,00",Gasoline,💳 Revolut,"Gasóleo 1,599",✅,
,08/01/2023,"€4,00","€0,00",Auto Maintenance,💳 Revolut,Secar Roupa,✅,
,09/01/2023,"€1,19","€0,00",Auto Maintenance,💳 Revolut,Pão,✅,
,09/01/2023,"€7,00","€0,00",Auto Maintenance,💳 Revolut,Corte de Cabelo,✅,
,10/01/2023,"€300,00","€0,00",House Rent,💳 Revolut,Renda,✅,
,10/01/2023,"€2,23","€0,00",Auto Maintenance,💳 Revolut,Compras Continente,✅,
,10/01/2023,"€4,50","€0,00",Fun Money,💳 Revolut,IQADA,✅,
,11/01/2023,"€0,00","€22,62",Available to budget,💰 Checking,Despesa Ida a Lousado,✅,
,11/01/2023,"€2,50","€30,49",Fun Money,💳 Revolut,Lanche de Pizza + Reembolso EzCast Mac,✅,
,12/01/2023,"€17,50","€0,00",Dining Out,💰 Checking,Almoço Tappas,✅,
,13/01/2023,"€17,36","€0,00",Auto Maintenance,💳 Revolut,Farmácia + Mini Preço,✅,
,14/01/2023,"€8,20","€0,00",Fun Money,💳 Revolut,Café Abílio + café André + IQADA,✅,
,14/01/2023,"€11,00","€0,00",Gasoline,💰 Checking,"Gasóleo 1,569",✅,
,15/01/2023,"€3,00","€0,00",Gasoline,💰 Checking,Portagens,✅,
,16/01/2023,"€10,00","€0,00",Fun Money,💰 Checking,Prenda Pati,✅,
,17/01/2023,"€0,00","€0,00",Fun Money,💰 Checking,,✅,
,18/01/2023,"€0,00","€0,00",Fun Money,💰 Checking,,✅,
,19/01/2023,"€0,00","€0,00",Fun Money,💰 Checking,,✅,
,20/01/2023,"€0,00","€0,00",Fun Money,💰 Checking,,✅,
,21/01/2023,"€0,00","€0,00",Fun Money,💰 Checking,,✅,
,22/01/2023,"€0,00","€0,00",Fun Money,💰 Checking,,✅,
,23/01/2023,"€0,00","€0,00",Fun Money,💰 Checking,,✅,
,24/01/2023,"€0,00","€0,00",Fun Money,💰 Checking,,✅,
,25/01/2023,"€4,99","€0,00",Prime,💳 Revolut,Amazon prime,✅,
,26/01/2023,"€10,14","€0,00",Water Bill,💰 Checking,Conta de água,✅,
,27/01/2023,"€0,00","€1 448,96",Available to budget,💰 Checking,Vencimento,✅,
,28/01/2023,"€1 538,00","€0,00",Available to budget,💰 Checking,Transf Revo -> BCP,✅,
,28/01/2023,"€0,00","€1 538,00",Available to budget,💳 Revolut,Transf BCP -> Revo,✅,
,28/01/2023,"€0,00","€0,00",Fun Money,💰 Checking,,✅,
,29/01/2023,"€0,00","€0,00",Fun Money,💰 Checking,,✅,
,30/01/2023,"€28,23","€0,00",Electric Bill,💰 Checking,Conta da Luz,✅,
,31/01/2023,"€11,00","€0,00",Cell Phone Bill,💰 Checking,Mensalidade Telemóvel,✅,
,31/01/2023,"€3,99","€0,00",HBO,💰 Checking,Mensalidade HBO,✅,
,01/02/2023,"€0,00","€0,00",,💰 Checking,,✅,
,02/02/2023,"€0,00","€0,00",,💰 Checking,,✅,
,03/02/2023,"€9,37","€0,00",Auto Maintenance,💰 Checking,Compras Continente + Fiambre,✅,
,03/02/2023,"€4,50","€0,00",Fun Money,💰 Checking,IQADA Velha,✅,
,04/02/2023,"€86,98","€0,00",Fun Money,💳 Revolut,The Weeknd,✅,
,05/02/2023,"€7,69","€0,00",Fun Money,💳 Revolut,Café + Isqueiro + IQADA,✅,
,05/02/2023,"€40,00","€0,00",Gasoline,💰 Checking,Gasóleo,✅,
,06/02/2023,"€3,86","€0,00",Auto Maintenance,💰 Checking,Compras Continente,✅,
,07/02/2023,"€0,00","€0,00",Fun Money,💰 Checking,,✅,
,08/02/2023,"€9,63","€0,00",Fun Money,💰 Checking,Basket CES + IQADA (revo),✅,
,09/02/2023,"€9,20","€0,00",Dining Out,💳 Revolut,Almoço CES Tertúlia,✅,
,10/02/2023,"€26,30","€0,00",Dining Out,💰 Checking,Jantar Sancho Panza + Mini ,✅,
,11/02/2023,"€7,20","€0,00",Fun Money,💳 Revolut,Café + Café + IQADA,✅,
,12/02/2023,"€2,24","€0,00",Auto Maintenance,💰 Checking,Água + fiambre,✅,
,13/02/2023,"€10,24","€0,00",Water Bill,💰 Checking,Conta Água,✅,
,13/02/2023,"€300,00","€0,00",House Rent,💰 Checking,Renda,✅,
,13/02/2023,"€1,74","€0,00",Auto Maintenance,💰 Checking,Cola + Pão,✅,
,14/02/2023,"€2,15","€0,00",Auto Maintenance,💳 Revolut,Croissant + pão,✅,
,15/02/2023,"€2,40","€0,00",Gasoline,💰 Checking,Portagens,✅,
,16/02/2023,"€12,50","€0,00",Dining Out,💳 Revolut,Francesinha Tappas (Paulo Lebres),✅,
,16/02/2023,"€5,85","€0,00",Fun Money,💳 Revolut,IQADA Velha + Talhas,✅,
,16/02/2023,"€2,83","€0,00",Auto Maintenance,💳 Revolut,Tomates + água continente,✅,
,17/02/2023,,,,,,✅,
,18/02/2023,"€19,20","€0,00",Fun Money,💳 Revolut,Peq Almoço + IQADA + Bronze + Finaças,✅,
,19/02/2023,"€1,00","€0,00",Fun Money,💰 Checking,Café Barra,✅,
,19/02/2023,"€45,32","€0,00",Gasoline,💰 Checking,Gasóleo BeExpress,✅,
,20/02/2023,"€24,99","€0,00",Auto Maintenance,💰 Checking,Óculos UV Computador,✅,
,20/02/2023,"€4,50","€0,00",Fun Money,💳 Revolut,IQADA Velha,✅,
,21/02/2023,"€15,51","€0,00",Auto Maintenance,💰 Checking,Compras Continente,✅,
,21/02/2023,"€13,00","€0,00",Auto Maintenance,💰 Checking,Andante,✅,
,21/02/2023,"€6,05","€0,00",Fun Money,💳 Revolut,Lanche c/ RM Prod,✅,
,21/02/2023,"€3,78","€0,00",Auto Maintenance,💳 Revolut,Chaves para desmontar (Leroy Merlin) ,✅,
,22/02/2023,"€2,53","€0,00",Fun Money,💰 Checking,Destaque OLX,✅,
,22/02/2023,"€3,50","€0,00",Gasoline,💰 Checking,Portagens,✅,
,23/02/2023,"€37,58","€0,00",Fun Money,💰 Checking,Daniel Sloss Coliseu Porto,✅,
,23/02/2023,"€1,00","€0,00",Fun Money,💰 Checking,Apoio a Mecânica ISEP,✅,
,23/02/2023,"€3,50","€0,00",Fun Money,💳 Revolut,Fino + 1/2 Torrada,✅,
,23/02/2023,"€3,50","€0,00",Available to budget,💳 Revolut,Fino + 1/2 Torrada Tiago (paguei),✅,
,23/02/2023,"€0,00","€3,50",Available to budget,💰 Checking,Fino + 1/2 Torrada Tiago (paguei),✅,
,24/02/2023,"€0,00","€1 490,56",Available to budget,💰 Checking,Vencimento,✅,
,24/02/2023,"€1 000,00","€0,00",Available to budget,💰 Checking,Transnf BCP -> Revo,✅,
,24/02/2023,"€0,00","€1 000,00",Available to budget,💳 Revolut,Transnf BCP -> Revo,✅,
,24/02/2023,"€8 244,51","€0,00",Available to budget,💳 Revolut,Account Reset,✅,
,24/02/2023,"€0,00","€3 234,02",Available to budget,💰 Checking,Account Reset,✅,
,24/02/2023,"€29,47","€0,00",Available to budget,Cash,Account Reset,✅,
,24/02/2023,"€0,00","€525,02",Available to budget,💰 Checking,Montante disponível c/ Edenred,✅,
,24/02/2023,"€0,00","€554,12",Available to budget,💳 Revolut,Montante disponível,✅,
,25/02/2023,"€4,99","€0,00",Prime,💳 Revolut,Amazon prime,✅,
,25/02/2023,"€5,70","€0,00",Fun Money,💳 Revolut,Café + Nata + IQADA Velha,✅,
,25/02/2023,"€8,60","€0,00",Auto Maintenance,💰 Checking,Compras Continente,✅,
,25/02/2023,"€6,19","€0,00",Fun Money,💰 Checking,Prenda André ,✅,
,25/02/2023,"€3,10","€0,00",Fun Money,💰 Checking,Finos Anos André,✅,
,25/02/2023,"€24,99","€0,00",Fun Money,💰 Checking,Flixbus + IC Lisa,✅,
,25/02/2023,"€10,00","€0,00",Fun Money,💳 Revolut,Trotinete,✅,
,25/02/2023,"€11,00","€0,00",Cell Phone Bill,💰 Checking,Mensalidade Telemóvel,✅,
,26/02/2023,"€3,55","€0,00",Auto Maintenance,💰 Checking,Comboio Aveiro -> Porto,✅,
,27/02/2023,"€1,40","€0,00",Fun Money,💳 Revolut,Croissant c/ Chocolate,✅,
,27/02/2023,"€7,50","€0,00",Fun Money,💰 Checking,Padel CES,✅,
,28/02/2023,"€4,00","€0,00",Fun Money,💳 Revolut,IQADA Velha,✅,
,28/02/2023,"€9,80","€0,00",Auto Maintenance,💰 Checking,Farmácia,✅,
,28/02/2023,"€5,42","€0,00",Auto Maintenance,💰 Checking,Compras Continente,✅,
,28/02/2023,"€21,56","€0,00",Electric Bill,💰 Checking,Conta Luz,✅,
,28/02/2023,"€4,99","€0,00",HBO,💰 Checking,HBO,✅,
,01/03/2023,"€4,50","€0,00",Fun Money,💰 Checking,Padel CES,✅,
,01/03/2023,"€3,95","€0,00",Fun Money,💳 Revolut,Colas + Pão,✅,
,01/03/2023,"€36,40","€0,00",Dining Out,💰 Checking,Jantar c/ Daniel Madureira,✅,
,02/03/2023,"€4,10","€0,00",Gasoline,💰 Checking,Portagens,✅,
,03/03/2023,"€4,00","€0,00",Fun Money,💳 Revolut,IQADA Velha,✅,
,03/03/2023,"€3,90","€0,00",Fun Money,💰 Checking,Finos,✅,
,03/03/2023,"€3,99","€0,00",HBO,💰 Checking,HBO,✅,
,03/03/2023,"€8,82","€0,00",Auto Maintenance,💰 Checking,Compras Minipreço,✅,
,04/03/2023,"€2,38","€0,00",Auto Maintenance,💰 Checking,Compras Mercadona,✅,
,04/03/2023,"€1,04","€0,00",Auto Maintenance,💰 Checking,Manutenção Conta,✅,
,05/03/2023,"€47,00","€0,00",Fun Money,💰 Checking,FIM DE SEMANA Lisa,✅,
,05/03/2023,"€8,70","€0,00",Fun Money,💳 Revolut,FIM DE SEMANA Lisa,✅,
,06/03/2023,"€154,12","€0,00",Car Property Tax,💳 Revolut,IUC Carro,✅,
,06/03/2023,"€26,00","€0,00",Fun Money,💰 Checking,Autocarro The Weeknd,✅,
,07/03/2023,"€300,00","€0,00",House Rent,💳 Revolut,Renda,✅,
,07/03/2023,"€4,00","€0,00",Fun Money,💳 Revolut,IQADA Velha,✅,
,07/03/2023,"€2,60","€0,00",Auto Maintenance,💰 Checking,Bilhetes Metro,✅,
,08/03/2023,"€9,53","€0,00",Water Bill,💰 Checking,Conta Água,✅,
,09/03/2023,"€0,00","€0,00",,💰 Checking,,,
,09/03/2023,"€2,60","€0,00",Fun Money,💰 Checking,Finos,✅,
,09/03/2023,"€14,05","€0,00",Dining Out,💳 Revolut,Uber Eats,✅,
,10/03/2023,"€55,90","€0,00",Fun Money,💰 Checking,Jordan Peterson,✅,
,10/03/2023,"€11,34","€0,00",Auto Maintenance,💰 Checking,Barbeiro + Compras Minipreço,✅,
,10/03/2023,"€8,00","€0,00",Fun Money,💳 Revolut,IQADA Velha,✅,
,10/03/2023,"€23,90","€0,00",Dining Out,💰 Checking,Jantar Yuko + Finadas,✅,
,11/03/2023,"€29,80","€0,00",Dining Out,💰 Checking,Almoço Mãe + Rita Navegante,✅,
,11/03/2023,"€16,10","€0,00",Gasoline,💰 Checking,Gasóleo,✅,
,12/03/2023,"€1,90","€0,00",Fun Money,💰 Checking,Capuccino Aeroporto,✅,
,13/03/2023,"€2,60","€0,00",Gasoline,💰 Checking,Portagens,✅,
,14/03/2023,,,,,,,
,15/03/2023,,,,,,,
,16/03/2023,,,,,,,
,17/03/2023,"€21,60","€0,00",Water Bill,💰 Checking,Conta de água,✅,
,18/03/2023,,,,,,,
,19/03/2023,,,,,,,
,20/03/2023,"€10,00","€0,00",Cell Phone Bill,💰 Checking,Carregamento Telemóvel,✅,
,21/03/2023,"€5,00","€0,00",Gasoline,💰 Checking,Portagens,✅,
,22/03/2023,"€0,00","€50,00",Available to budget,💰 Checking,Presente de Anos Tó,✅,
,23/03/2023,,,,,,,
,24/03/2023,,,,,,,
,25/03/2023,"€4,99","€0,00",Prime,💳 Revolut,Amazon Prime,✅,
,25/03/2023,"€32,00","€0,00",Fun Money,💰 Checking,Finos Teles + André + Leite + G + Maravilhas,✅,
,26/03/2023,"€11,90","€0,00",Fun Money,💰 Checking,Feira de Março + café coma mãe,✅,
,27/03/2023,"€5,99","€0,00",Gasoline,💳 Revolut,Lavagem Carro,✅,
,27/03/2023,"€20,20","€0,00",Gasoline,💰 Checking,Gasóleo,✅,
,27/03/2023,"€4,00","€0,00",Fun Money,💳 Revolut,IQADA,✅,
,28/03/2023,"€2,40","€0,00",Fun Money,💳 Revolut,Croissant c/ Fiambre,✅,
,28/03/2023,"€3,90","€0,00",Auto Maintenance,💰 Checking,Compras Minipreço,✅,
,29/03/2023,"€0,00","€1 324,16",Available to budget,💰 Checking,Vencimento,✅,
,29/03/2023,"€800,00","€0,00",Available to budget,💰 Checking,Transf BCP -> Revo,✅,
,29/03/2023,"€0,00","€800,00",Available to budget,💳 Revolut,Trans Revo -> BCP,✅,
,29/03/2023,"€300,00","€0,00",House Rent,💰 Checking,Pagamento Renda,✅,
,29/03/2023,"€22,43","€0,00",Auto Maintenance,💰 Checking,Compras Continente,✅,
,29/03/2023,"€32,00","€0,00",Fun Money,💰 Checking,Fifa 23,✅,
,30/03/2023,"€4,00","€0,00",Fun Money,💳 Revolut,IQADA Velha,✅,
,30/03/2023,"€1,30","€0,00",Fun Money,💰 Checking,Finada,✅,
,31/03/2023,,,,,,✅,
,01/04/2023,"€22,70","€0,00",Fun Money,💰 Checking,Ovarense x Porto + Rissol + Mini + Gin,✅,
,02/04/2023,"€7,40","€0,00",Available to budget,💳 Revolut,Transf Revo -> BCP,✅,
,02/04/2023,"€0,00","€7,40",Available to budget,💰 Checking,Transf Revo -> BCP,✅,
,03/04/2023,"€3,99","€0,00",Auto Maintenance,💰 Checking,Flixbus Porto,✅,
,03/04/2023,"€3,99","€0,00",HBO,💰 Checking,HBO Max,✅,
,04/04/2023,"€4,00","€0,00",Fun Money,💳 Revolut,IQADA,✅,
,04/04/2023,"€0,90","€0,00",Auto Maintenance,💰 Checking,Pão,✅,
,04/04/2023,"€18,50","€0,00",Dining Out,💰 Checking,Requinte Francesinha,✅,
,04/04/2023,"€1,04","€0,00",Auto Maintenance,💰 Checking,Taxa Cartão BCP,✅,
,05/04/2023,"€3,00","€0,00",Gasoline,💰 Checking,Portagens,✅,
,06/04/2023,"€4,00","€0,00",Fun Money,💳 Revolut,IQADA Velha,✅,
,06/04/2023,"€28,35","€0,00",Dining Out,💰 Checking,Jantar Khab al Khalili,✅,
,06/04/2023,"€13,00","€0,00",Auto Maintenance,💰 Checking,Viagens Metro,✅,
,06/04/2023,"€1,64","€0,00",Fun Money,💰 Checking,Uber,✅,
,07/04/2023,"€1,40","€0,00",Fun Money,💳 Revolut,,✅,
,07/04/2023,"€13,00","€0,00",Fun Money,💰 Checking,Feira de Março,✅,
,07/04/2023,"€13,00","€0,00",G,💰 Checking,1G + resto,✅,
,08/04/2023,,,,,,✅,
,08/04/2023,"€7,50","€0,00",Fun Money,💳 Revolut,Finos + IQADA + café BP,✅,
,09/04/2023,"€30,07","€0,00",Gasoline,💰 Checking,Gasóleo,✅,
,09/04/2023,"€13,00","€0,00",Fun Money,💳 Revolut,Finos + IQADA,✅,
,09/04/2023,"€3,00","€0,00",Fun Money,💰 Checking,Gorjeta + Café + ,✅,
,10/04/2023,"€12,00","€0,00",Auto Maintenance,💰 Checking,Fivela Relógio Tissot,✅,
,11/04/2023,"€1,97","€0,00",Auto Maintenance,💰 Checking,Compras Minipreço,✅,
,12/04/2023,"€4,00","€0,00",Fun Money,💳 Revolut,IQADA Velha,✅,
,13/04/2023,"€5,10","€0,00",Fun Money,💰 Checking,Finos,✅,
,14/04/2023,"€15,00","€0,00",Fun Money,💰 Checking,IQADA Velha + Finos + Bilhete Esgueira/Benfica,✅,
,15/04/2023,"€7,00","€0,00",G,💰 Checking,G,✅,
,16/04/2023,"€1,50","€0,00",Fun Money,💰 Checking,Finos Coelho  + Reis,✅,
,16/04/2023,"€4,50","€0,00",Fun Money,💳 Revolut,IQADA Velha,✅,
,17/04/2023,"€0,00","€65,00",Fun Money,💳 Revolut,Bilhete Coldplay,✅,
,17/04/2023,"€15,33","€0,00",Fun Money,💰 Checking,Compras Continente + Ovos Moles,✅,
,17/04/2023,"€7,99","€0,00",Clothing,💰 Checking,Calções,✅,
,17/04/2023,"€3,40","€0,00",Gasoline,💰 Checking,Portagens,✅,
,18/04/2023,"€4,00","€0,00",Fun Money,💳 Revolut,IQADA velha,✅,
,18/04/2023,"€23,00","€0,00",Dining Out,💰 Checking,Jantar Sushi André,✅,
,19/04/2023,"€5,00","€0,00",Fun Money,💰 Checking,Prenda do Rúben,✅,
,20/04/2023,"€12,00","€0,00",Cell Phone Bill,💰 Checking,Carregamento Telemóvel,✅,
,20/04/2023,"€19,99","€0,00",Clothing,💳 Revolut,Calças Tiffosi,✅,
,20/04/2023,"€0,77","€0,00",Auto Maintenance,💰 Checking,Pão,✅,
,21/04/2023,"€10,25","€0,00",Fun Money,💰 Checking,Finos + Café BP,✅,
,21/04/2023,"€0,00","€7,99",Clothing,💰 Checking,Devolução Calções Lefties,✅,
,22/04/2023,"€20,03","€0,00",Gasoline,💰 Checking,Gasóleo,✅,
,22/04/2023,"€30,25","€0,00",Fun Money,💰 Checking,Compras Jantar + Noite,✅,
,23/04/2023,"€7,72","€0,00",Fun Money,💰 Checking,Colas Pingo Doce Gaia + IQADA,✅,
,23/04/2023,"€5,00","€0,00",G,💰 Checking,G,✅,
,24/04/2023,"€7,98","€0,00",Fun Money,💰 Checking,IQADA + Vinhaça Curado,✅,
,25/04/2023,"€3,00","€0,00",Gasoline,💰 Checking,Portagens,✅,
,25/04/2023,"€0,00","€97,33",🔢 Balance Adjustment,💰 Checking,Ajuste de Contas,✅,
,25/04/2023,"€0,00","€2 609,35",Available to budget,💰 Checking,Ordenado + Bónus + Cartão de Refeição,✅,
,25/04/2023,"€15,01","€0,00",Gasoline,💰 Checking,Gasóleo,✅,
,25/04/2023,"€4,99","€0,00",Prime,💳 Revolut,Amazon Prime,✅,
,25/04/2023,"€2 000,00","€0,00",Available to budget,💰 Checking,Transf BCP -> Revo,✅,
,25/04/2023,"€0,00","€2 000,00",Available to budget,💳 Revolut,Transf BCP -> Revo,✅,
,26/04/2023,"€300,00","€0,00",House Rent,💰 Checking,Renda Casa,✅,
,27/04/2023,"€2 500,00","€0,00",Available to budget,💳 Revolut,Certificados de Aforro,✅,
,27/04/2023,"€41,34","€0,00",Dining Out,💰 Checking,Churrasqueira Amial + Jantar Póvoa,✅,
,27/04/2023,"€4,00","€0,00",Fun Money,💳 Revolut,IQADA Velha,✅,
,28/04/2023,"€5,60","€0,00",G,💳 Revolut,Tabaco G,✅,
,28/04/2023,"€10,00","€0,00",Dining Out,💳 Revolut,Jantar André,✅,
,29/04/2023,"€0,70","€0,00",Fun Money,💳 Revolut,Café Bomba,✅,
,30/04/2023,,,,,,,
,01/05/2023,"€6,00","€0,00",Fun Money,💳 Revolut,Café BP + IQADA,✅,
,01/05/2023,"€5,17","€0,00",Auto Maintenance,💰 Checking,Crackers Continente + Compras,✅,
,01/05/2023,"€31,10","€0,00",Gasoline,💰 Checking,Gasóleo,✅,
,01/05/2023,"€10,00","€0,00",Available to budget,💰 Checking,Transf Mãe,✅,
,01/05/2023,"€0,00","€10,00",Available to budget,💳 Revolut,Transf Mãe,✅,
,02/05/2023,"€1,11","€0,00",Auto Maintenance,💰 Checking,Pão Rio Maior,✅,
,02/05/2023,"€25,50","€0,00",Fun Money,💰 Checking,Bolo CES,✅,
,03/05/2023,"€8,20","€0,00",Gasoline,💰 Checking,Portagens,✅,
,03/05/2023,"€0,00","€473,77",Available to budget,💳 Revolut,Remanescente Viagem Conti,✅,
,04/05/2023,"€4,00","€0,00",Fun Money,💳 Revolut,IQADA Velha,✅,
,04/05/2023,"€7,70","€0,00",Dining Out,💰 Checking,Pizza c/ Gonci + Nour,✅,
,05/05/2023,"€6,70","€0,00",Fun Money,💰 Checking,Guardians of the Galaxy Vol. 3,✅,
,05/05/2023,"€5,00","€0,00",G,💰 Checking,G,✅,
,05/05/2023,"€1,50","€0,00",Gasoline,💰 Checking,Portagens,✅,
,05/05/2023,"€7,00","€0,00",Auto Maintenance,💰 Checking,Cabeleireiro,✅,
,05/05/2023,"€8,99","€0,00",Auto Maintenance,💰 Checking,Melatonina,✅,
,05/05/2023,"€4,00","€0,00",Fun Money,💳 Revolut,IQADA Velha,✅,
,06/05/2023,,,,,,,
,07/05/2023,"€7,75","€0,00",Dining Out,💰 Checking,Almoço dia da Mãe,✅,
,07/05/2023,"€4,00","€0,00",Fun Money,💳 Revolut,IQADA Velha,✅,
,08/05/2023,,,,,,,
,09/05/2023,"€4,40","€0,00",Gasoline,💰 Checking,Portagens,✅,
,10/05/2023,,,,,,,
,11/05/2023,"€3,30","€0,00",Fun Money,💰 Checking,Prenda Manu,✅,
,12/05/2023,"€1,90","€0,00",Fun Money,💰 Checking,Bolt Ana Praga,✅,
,13/05/2023,"€8,05","€0,00",Fun Money,💳 Revolut,Prenda Dia da mãe,✅,
,13/05/2023,"€85,41","€0,00",Clothing,💳 Revolut,Stan Smith,✅,
,14/05/2023,,,,,,,
,15/05/2023,"€6,34","€0,00",Available to budget,💳 Revolut,Ubers Ana -> Revo,✅,
,15/05/2023,"€0,00","€6,34",Available to budget,💰 Checking,Ubers Ana -> BCP,✅,
,16/05/2023,"€4,80","€0,00",Gasoline,💰 Checking,Portagens,✅,
,17/05/2023,"€12,00","€0,00",Cell Phone Bill,💰 Checking,Carregamento Telemóvel,✅,
,18/05/2023,,,,,,,
,19/05/2023,,,,,,,
,20/05/2023,,,,,,,
,21/05/2023,,,,,,,
,22/05/2023,,,,,,,
,23/05/2023,"€1,10","€0,00",Gasoline,💰 Checking,Portagens,✅,
,23/05/2023,"€0,00","€68,19",Available to budget,💰 Checking,Guito Conti Portagens,✅,
,24/05/2023,,,,,,,
,25/05/2023,,,,,,,
,26/05/2023,"€16,00","€0,00",Dining Out,💳 Revolut,Jantar Sushi André,✅,
,26/05/2023,"€1,65","€0,00",G,💳 Revolut,Talhas,✅,
,27/05/2023,"€7,60","€0,00",Fun Money,💳 Revolut,IQOS + FINOS MC,✅,
,27/05/2023,"€2,65","€0,00",Available to budget,💳 Revolut,Transf Aidos,✅,
,27/05/2023,"€0,00","€2,65",Available to budget,💰 Checking,Transf Aidos,✅,
,29/05/2023,"€0,00","€1 448,96",Available to budget,💰 Checking,Vencimento,✅,
,29/05/2023,"€944,10","€0,00",Available to budget,💰 Checking,Transf BCP -> REVO,✅,
,29/05/2023,"€0,00","€944,10",Available to budget,💳 Revolut,Transf Revo -> BCP,✅,
,29/05/2023,"€3,29","€0,00",Auto Maintenance,💰 Checking,Continente Pão + Fiambre,✅,
,29/05/2023,"€4,00","€0,00",Fun Money,💳 Revolut,IQADA,✅,
,29/05/2023,"€300,00","€0,00",House Rent,💰 Checking,Renda Casa,✅,
,30/05/2023,,,,,,,
,31/05/2023,"€16,41","€0,00",Auto Maintenance,💰 Checking,Compras Continente,✅,
,01/06/2023,"€8,40","€0,00",Fun Money,💳 Revolut,Tabacada,✅,
,02/06/2023,"€3,00","€0,00",Fun Money,💰 Checking,Finada,✅,
,03/06/2023,"€14,70","€0,00",Fun Money,💳 Revolut,Tabacada + Café + Mc c/ Reis + Finada Leite c/ Curado + Cola,✅,
,03/06/2023,"€8,99","€0,00",Fun Money,💳 Revolut,Flixbus Lisa,✅,
,04/06/2023,"€75,00","€0,00",Fun Money,💰 Checking,Prenda Mãe,✅,
,04/06/2023,"€2,60","€0,00",Fun Money,💳 Revolut,Finada Leite,✅,
,05/06/2023,"€8,00","€0,00",Fun Money,💰 Checking,Dupla IQADA,✅,
,05/06/2023,"€20,00","€0,00",G,💳 Revolut,G Curadex,✅,
,05/06/2023,"€1,04","€0,00",Auto Maintenance,💰 Checking,Account Maintenance,✅,
,06/06/2023,"€4,74","€0,00",Fun Money,💳 Revolut,The Weeknd,✅,
,06/06/2023,"€18,00","€12,49",Fun Money,💰 Checking,The Weeknd,✅,
,06/06/2023,"€3,00","€0,00",Gasoline,💰 Checking,Portagens,✅,
,07/06/2023,"€53,35","€0,00",Fun Money,💰 Checking,IQADA + Noite Santos + Bolt de volta,✅,
,08/06/2023,,,,,,✅,
,09/06/2023,"€4,00","€0,00",Fun Money,💰 Checking,IQADA Velha,✅,
,09/06/2023,"€5,60","€0,00",Fun Money,💳 Revolut,Tabacada Velha,✅,
,10/06/2023,"€2,30","€0,00",Fun Money,💰 Checking,Finada c/ Rita,✅,
,11/06/2023,"€4,00","€0,00",Fun Money,💳 Revolut,IQADA Velha,✅,
,11/06/2023,"€1,70","€0,00",Auto Maintenance,💰 Checking,Fiambre,✅,
,12/06/2023,"€17,99","€0,00",Clothing,💳 Revolut,Calções Laker,✅,
,13/06/2023,"€26,84","€0,00",Fun Money,💰 Checking,CCV Sá da Bandeira,✅,
,13/06/2023,"€0,77","€0,00",Auto Maintenance,💰 Checking,Pães Minipreço,✅,
,14/06/2023,"€19,05","€0,00",Dining Out,💰 Checking,Combinação de Sabores Famalicão,✅,
,14/06/2023,"€4,00","€0,00",Fun Money,💳 Revolut,IQADA Velha,✅,
,15/06/2023,"€12,83","€0,00",Cell Phone Bill,💰 Checking,Carregamento Telemóvel,✅,
,15/06/2023,"€1,50","€0,00",Fun Money,💰 Checking,Finito,✅,
,16/06/2023,"€4,00","€0,00",Fun Money,💳 Revolut,IQADA Velha,✅,
,16/06/2023,"€1,50","€0,00",Gasoline,💰 Checking,Portagens,✅,
,16/06/2023,"€15,36","€0,00",Auto Maintenance,💰 Checking,Compras Jantar,✅,
,17/06/2023,"€348,80","€0,00",Car Inspection,💳 Revolut,Manutenção do Carro,✅,
,18/06/2023,"€6,66","€0,00",Auto Maintenance,💳 Revolut,Compras Continente,✅,
,18/06/2023,"€4,00","€0,00",Fun Money,💳 Revolut,IQADA Velha,✅,
,19/06/2023,"€0,55","€0,00",Auto Maintenance,💳 Revolut,Pães Minipreço,✅,
,19/06/2023,"€25,83","€0,00",Fun Money,💳 Revolut,Fotos Corrida Conti,✅,
,20/06/2023,"€0,00","€45,44",Available to budget,💰 Checking,Reembolso Idas a Lousado,✅,
,20/06/2023,"€0,40","€0,00",Fun Money,💰 Checking,Bolachas Lousado,✅,
,20/06/2023,"€10,99","€0,00",Auto Maintenance,💰 Checking,Minipreço - detergente + pão,✅,
,21/06/2023,"€1,50","€0,00",Fun Money,💰 Checking,Panike de Chocolate,✅,
,21/06/2023,"€0,53","€0,00",Auto Maintenance,💰 Checking,Cebolas,✅,
,21/06/2023,"€2,80","€0,00",Fun Money,💰 Checking,Finada + Copo de Vinho Nour,✅,
,22/06/2023,"€6,50","€0,00",Dining Out,💰 Checking,Almoço CES + Lanche,✅,
,22/06/2023,"€4,00","€0,00",Fun Money,💳 Revolut,IQADA Velha,✅,
,22/06/2023,"€45,00","€0,00",Auto Maintenance,💳 Revolut,Consulta Dentista,✅,
,23/06/2023,"€4,90","€0,00",Gasoline,💰 Checking,Portagens,✅,
,23/06/2023,"€10,96","€0,00",Fun Money,💳 Revolut,Uber S Joao,✅,
,23/06/2023,"€4,00","€0,00",Fun Money,💳 Revolut,IQADA Velha,✅,
,23/06/2023,"€1,00","€0,00",Auto Maintenance,💰 Checking,Pão,✅,
,23/06/2023,"€7,50","€0,00",Fun Money,💰 Checking,Cerveja São João,✅,
,24/06/2023,"€1,60","€0,00",Fun Money,💰 Checking,Café Mãe,✅,
,24/06/2023,"€12,85","€0,00",Dining Out,💰 Checking,Almoço Gonçalo + Rita Churrasqueira Continente,✅,
,24/06/2023,"€15,00","€0,00",G,💰 Checking,G Curadex,✅,
,25/06/2023,"€46,21","€0,00",Gasoline,💰 Checking,"Gasóleo 1,429",✅,
,25/06/2023,"€1,85","€0,00",Auto Maintenance,💰 Checking,Fiambre,✅,
,26/06/2023,"€5,10","€0,00",Fun Money,💰 Checking,Fino Sofia/Brocas/santos + IQADA Velha,✅,
,27/06/2023,"€29,00","€0,00",Fun Money,💰 Checking,Viagem Alive Lisa,✅,
,27/06/2023,"€12,50","€0,00",Auto Maintenance,💰 Checking,Perfume Massimo Dutti,✅,
,28/06/2023,"€0,00","€2 764,80",Available to budget,💰 Checking,Vencimento Junho + Subs Férias,✅,
,28/06/2023,"€2 000,00","€0,00",Available to budget,💰 Checking,BCP -> Revo,✅,
,28/06/2023,"€0,00","€2 000,00",Available to budget,💳 Revolut,BCP -> Revo,✅,
,28/06/2023,"€300,00","€0,00",House Rent,💰 Checking,Renda,✅,
,28/06/2023,"€15,00","€0,00",Dining Out,💰 Checking,Jantar Restaurante Sírio,✅,
,28/06/2023,"€4,00","€0,00",Fun Money,💳 Revolut,IQADA Velha,✅,
,29/06/2023,"€22,50","€0,00",Auto Maintenance,💳 Revolut,Tratamento Cárie,✅,
,30/06/2023,"€14,50","€0,00",Fun Money,💰 Checking,Escalada c/ Curado,✅,
,30/06/2023,"€4,00","€0,00",Fun Money,💳 Revolut,IQADA Velha,✅,
,30/06/2023,"€25,00","€0,00",Dining Out,💰 Checking,Jantar Sushi,✅,
,01/07/2023,"€14,10","€0,00",Dining Out,💰 Checking,Taberna Londrina,✅,
,01/07/2023,"€5,65","€0,00",Fun Money,💳 Revolut,Padaria Peq Almoço Gaia,✅,
,01/07/2023,"€1,50","€0,00",G,💰 Checking,Talhas,✅,
,01/07/2023,"€2,50","€0,00",Fun Money,💰 Checking,Fino,✅,
,01/07/2023,"€2,50","€0,00",Available to budget,💳 Revolut,Revo -> BCP,✅,
,01/07/2023,"€0,00","€2,50",Available to budget,💰 Checking,Revo -> BCP,✅,
,01/07/2023,"€5,50","€0,00",Fun Money,💰 Checking,Água + IQADA,✅,
,01/07/2023,"€11,18","€0,00",Dining Out,💳 Revolut,Desperados + Pão de Alho Jantar,✅,
,02/07/2023,"€23,59","€0,00",Auto Maintenance,💰 Checking,Compras Continente,✅,
,03/07/2023,"€0,00","€1 111,47",Available to budget,💰 Checking,Reembolso IRS,✅,
,03/07/2023,"€1 155,00","€0,00",Available to budget,💰 Checking,BCP -> Revo,✅,
,03/07/2023,"€0,00","€1 155,00",Available to budget,💳 Revolut,BCP -> Revo,✅,
,03/07/2023,"€4,00","€0,00",Fun Money,💳 Revolut,IQADA Velha,✅,
,03/07/2023,"€4,20","€0,00",Gasoline,💰 Checking,Portagens,✅,
,03/07/2023,"€32,25","€0,00",Clothing,💰 Checking,Pólo RL,✅,
,03/07/2023,"€2,70","€0,00",Fun Money,💰 Checking,Gelado c/ Maria,✅,
,04/07/2023,"€11,00","€0,00",Cell Phone Bill,💰 Checking,Carregamento Telemóvel,✅,
,04/07/2023,"€3,38","€0,00",Auto Maintenance,💳 Revolut,Compras Minipreço,✅,
,05/07/2023,"€0,25","€0,00",Fun Money,💰 Checking,Café Mabor,✅,
,05/07/2023,"€1,04","€0,00",Auto Maintenance,💰 Checking,Imposto de Selo,✅,
,05/07/2023,"€13,58","€0,00",Fun Money,💰 Checking,Vinho + Desperados,✅,
,06/07/2023,"€11,80","€0,00",Dining Out,💰 Checking,Almoço CES Tasquinha do Caco,✅,
,06/07/2023,"€4,00","€0,00",Fun Money,💳 Revolut,IQADA Velha,✅,
,07/07/2023,"€2,60","€0,00",Gasoline,💰 Checking,Portagens,✅,
,07/07/2023,"€5,00","€0,00",Auto Maintenance,💰 Checking,Barbeiro,✅,
,07/07/2023,"€19,74","€0,00",Auto Maintenance,💰 Checking,"Compras Continente - cidras, pão e fiambre",✅,
,08/07/2023,"€40,89","€0,00",Fun Money,💳 Revolut,IQADA + Comida + Bebida Alive,✅,
,09/07/2023,"€12,00","€0,00",Spotify,💰 Checking,Spotify,✅,
,10/07/2023,"€4,50","€0,00",Fun Money,💰 Checking,Spiderman: Across the SpiderVerse,✅,
,11/07/2023,"€4,00","€0,00",Fun Money,💳 Revolut,IQADA Velha,✅,
,12/07/2023,"€8,15","€0,00",G,💳 Revolut,Tabacada,✅,
,12/07/2023,"€7,60","€0,00",Fun Money,💳 Revolut,IQADA Velha + Finada,✅,
,13/07/2023,,,,,,,
,14/07/2023,"€4,00","€0,00",Fun Money,💰 Checking,IQADA Velha,✅,
,15/07/2023,"€4,56","€0,00",Auto Maintenance,💰 Checking,Gelados Errados Continente,✅,
,15/07/2023,"€1,90","€0,00",Fun Money,💳 Revolut,Cerveja Mc,✅,
,15/07/2023,"€1,90","€0,00",Available to budget,💳 Revolut,Ajuste de Contas Cola,✅,
,15/07/2023,"€0,00","€1,90",Available to budget,💰 Checking,Ajuste de Contas Cola,✅,
,16/07/2023,"€19,98","€0,00",Clothing,💳 Revolut,Calções Sport Zone,✅,
,16/07/2023,"€8,80","€0,00",Fun Money,💰 Checking,IQADA Velha + Finada,✅,
,17/07/2023,"€20,00","€0,00",Fun Money,💰 Checking,Cordas Guitarra + Afinador,✅,
,17/07/2023,"€49,58","€0,00",Gasoline,💰 Checking,"Gasosa 1,498",✅,
,18/07/2023,"€8,66","€0,00",Dining Out,💰 Checking,Almoço Ábaco,✅,
,18/07/2023,"€3,70","€0,00",Gasoline,💰 Checking,Portagens,✅,
,18/07/2023,"€7,00","€0,00",Auto Maintenance,💳 Revolut,Pilhas,✅,
,18/07/2023,"€1,02","€0,00",Auto Maintenance,💰 Checking,Pães Minipreço,✅,
,19/07/2023,"€9,65","€0,00",Dining Out,💰 Checking,Almoço Tertúlia,✅,
,19/07/2023,"€8,00","€0,00",Fun Money,💰 Checking,IQADA Velha (eu + Garrido),✅,
,19/07/2023,"€44,03","€0,00",Auto Maintenance,💰 Checking,SSD Crucial,✅,
,19/07/2023,"€137,98","€0,00",Vacations,💳 Revolut,Voo Londres,✅,
,20/07/2023,,,,,,,
,21/07/2023,"€1,10","€0,00",Fun Money,💰 Checking,Nata Ritual,✅,
,21/07/2023,"€4,00","€0,00",Fun Money,💳 Revolut,IQADA Velha,✅,
,22/07/2023,"€27,85","€0,00",Dining Out,💳 Revolut,Sardinhada Barra c/ Mãe,✅,
,22/07/2023,"€20,00","€0,00",G,💰 Checking,G ao Curadex,✅,
,23/07/2023,"€2,53","€0,00",Fun Money,💳 Revolut,Isqueiro + café + água,✅,
,23/07/2023,"€3,99","€0,00",↕️ Account Transfer,💳 Revolut,Transf Pilhas mãe -> Revo -> BCP,✅,
,23/07/2023,"€0,00","€3,99",↕️ Account Transfer,💰 Checking,Transf Pilhas mãe -> Revo -> BCP,✅,
,23/07/2023,"€7,78","€0,00",Auto Maintenance,💰 Checking,Compras Mercadona,✅,
,23/07/2023,"€4,00","€0,00",Fun Money,💳 Revolut,IQADA Velha,✅,
,24/07/2023,"€19,10","€0,00",Auto Maintenance,💰 Checking,Cápsulas Nespresso,✅,
,24/07/2023,"€5,19","€0,00",Auto Maintenance,💰 Checking,Compras Minipreço Pão + Rosé,✅,
,25/07/2023,"€3,00","€0,00",Gasoline,💰 Checking,Portagens,✅,
,25/07/2023,"€1,74","€0,00",Fun Money,💳 Revolut,Chocolate Maria,✅,
,26/07/2023,"€4,00","€0,00",Fun Money,💳 Revolut,IQADA Velha,✅,
,27/07/2023,"€0,00","€68,16",Available to budget,💰 Checking,Reembolso Idas a Lousy Town,✅,
,27/07/2023,"€15,20","€0,00",Dining Out,💰 Checking,Francesinha Taberna Londrina,✅,
,27/07/2023,"€721,60","€0,00",Vacations,💳 Revolut,Férias Canadá,✅,
,27/07/2023,"€7,50","€0,00",Fun Money,💳 Revolut,Padel,✅,
,28/07/2023,"€0,00","€1 438,70",Available to budget,💰 Checking,Ordenado,✅,
,28/07/2023,"€800,00","€0,00",Available to budget,💰 Checking,BCP -> Revo,✅,
,28/07/2023,"€0,00","€800,00",Available to budget,💳 Revolut,BCP -> Revo,✅,
,28/07/2023,"€6,00","€0,00",Fun Money,💳 Revolut,MIssão Impossível c/ André,✅,
,28/07/2023,"€16,42","€0,00",Dining Out,💳 Revolut,Sushi c/ André,✅,
,29/07/2023,"€300,00","€0,00",House Rent,💰 Checking,Renda,✅,
,29/07/2023,"€3,84","€0,00",Auto Maintenance,💰 Checking,Pão + champô,✅,
,30/07/2023,"€10,40","€0,00",Fun Money,💳 Revolut,2 IQADA Velha + Minis SetBar,✅,
,30/07/2023,"€16,43","€0,00",Available to budget,💳 Revolut,Revo -> BCP,✅,
,30/07/2023,"€0,00","€16,43",Available to budget,💰 Checking,Revo -> BCP,✅,
,31/07/2023,"€11,60","€0,00",Fun Money,💰 Checking,Oppenheimer c/ Maria,✅,
,31/07/2023,"€20,04","€0,00",Gasoline,💰 Checking,Gasóleo,✅,
,01/08/2023,"€11,00","€0,00",Cell Phone Bill,💰 Checking,Carregamento Telmóvel,✅,
,01/08/2023,"€57,10","€0,00",Auto Maintenance,💳 Revolut,Manutenção Guitarra,✅,
,02/08/2023,"€5,90","€0,00",Gasoline,💰 Checking,Portagens,✅,
,02/08/2023,"€4,90","€0,00",Fun Money,💰 Checking,Pipocas Maria,✅,
,02/08/2023,"€18,66","€0,00",Dining Out,💰 Checking,Almoço Anos Catarina Bento Tasquinha do Caco,✅,
,02/08/2023,"€4,00","€0,00",Fun Money,💳 Revolut,IQADA Velha,✅,
,03/08/2023,"€4,00","€0,00",Fun Money,💳 Revolut,IQADA Velha,✅,
,03/08/2023,"€1,85","€0,00",G,💳 Revolut,Talhas,✅,
,03/08/2023,"€5,70","€0,00",Dining Out,💳 Revolut,Lanche Ritual,✅,
,03/08/2023,"€8,44","€0,00",Fun Money,💰 Checking,Coisas para jantar c/ Maria,✅,
,04/08/2023,"€1,04","€0,00",Auto Maintenance,💰 Checking,Manutenção da Conta,✅,
,04/08/2023,"€4,29","€0,00",Auto Maintenance,💳 Revolut,Vinho + Pão,✅,
,04/08/2023,"€10,00","€0,00",Fun Money,💰 Checking,Bilhetes Feira Medieval,✅,
,05/08/2023,"€20,35","€0,00",Fun Money,💰 Checking,Ida IMAX c/ Mc / Pipocas,✅,
,06/08/2023,"€4,50","€0,00",Fun Money,💰 Checking,IQADA ao RMprod,✅,
,07/08/2023,"€46,95","€0,00",Clothing,💰 Checking,Roupa + Arranjo,✅,
,07/08/2023,"€16,82","€0,00",Gasoline,💰 Checking,"Gasóleo 1,699",✅,
,08/08/2023,"€4,00","€0,00",Fun Money,💳 Revolut,IQADA Velha,✅,
,09/08/2023,"€750,00","€0,00",Crypto,💳 Revolut,Eth a 1620,✅,
,09/08/2023,"€2,60","€0,00",Gasoline,💰 Checking,Portagens,✅,
,09/08/2023,"€1,40","€0,00",Fun Money,💰 Checking,Croissant de Chocolatwe Ritual,✅,
,10/08/2023,"€7,99","€0,00",Dining Out,💰 Checking,Almoço Ábaco,✅,
,10/08/2023,"€750,00","€0,00",Fun Money,💳 Revolut,Guitarra Taylor,✅,
,10/08/2023,"€6,60","€0,00",Auto Maintenance,💰 Checking,Multa estacionamento Matosinhos,✅,
,10/08/2023,"€4,00","€0,00",Fun Money,💳 Revolut,IQADA Velha,✅,
,10/08/2023,"€1,30","€0,00",Fun Money,💳 Revolut,Finos Ritual,✅,
,10/08/2023,"€7,24","€0,00",Dining Out,💰 Checking,Jantar Mercadona c/ Maria,✅,
,11/08/2023,"€459,74","€0,00",Car Insurance,💳 Revolut,Seguro,✅,
,11/08/2023,"€24,70","€0,00",Dining Out,💰 Checking,Bonche Grill c/ Trabalho,✅,
,11/08/2023,"€5,50","€0,00",Fun Money,💰 Checking,Rondas Finos,✅,
,12/08/2023,"€0,50","€0,00",Auto Maintenance,💰 Checking,Pão,✅,
,12/08/2023,"€4,00","€0,00",Fun Money,💳 Revolut,IQADA Velha,✅,
,12/08/2023,"€0,50","€0,00",Fun Money,💰 Checking,Pedinte,✅,
,12/08/2023,"€11,00","€0,00",Fun Money,💰 Checking,Finadas c/ André,✅,
,13/08/2023,"€3,75","€0,00",Dining Out,💰 Checking,Jantar Tabuada Casa Leite,✅,
,14/08/2023,"€5,40","€0,00",Fun Money,💳 Revolut,IQADA + Cafés,✅,
,14/08/2023,"€14,96","€0,00",Auto Maintenance,💰 Checking,Melatonina,✅,
,15/08/2023,"€5,95","€0,00",Car,💰 Checking,Portagens,✅,
,16/08/2023,,,,,,,
,17/08/2023,,,,,,,
,18/08/2023,,,,,,,
,19/08/2023,,,,,,,
,20/08/2023,"€70,89","€0,00",Vacations,💳 Revolut,Livro HP Canadá + Bolt Regresso + Bolt Ida + Subscrição ExpressVPN + gastos,✅,
,21/08/2023,"€4,00","€0,00",Fun Money,💳 Revolut,IQADA Velha,✅,
,21/08/2023,"€1,85","€0,00",Fun Money,💰 Checking,Finada Velha c/ Tabuada,✅,
,21/08/2023,"€23,60","€0,00",Dining Out,💰 Checking,Jantar Espeto do Sul c/ Tabuada,✅,
,21/08/2023,"€20,00","€0,00",Auto Maintenance,💰 Checking,Perfume Aeroporto,✅,
,22/08/2023,"€3,30","€0,00",Car,💰 Checking,Portagens,✅,
,22/08/2023,"€50,77","€0,00",Gasoline,💰 Checking,"Gasosa a 1,659",✅,
,23/08/2023,"€18,50","€0,00",Auto Maintenance,💰 Checking,Suporte Guitarra,✅,
,24/08/2023,"€1,40","€0,00",Fun Money,💳 Revolut,Croissant c/ Chocolate,✅,
,24/08/2023,"€4,00","€0,00",Fun Money,💰 Checking,IQADA Velha,✅,
,24/08/2023,"€8,00","€0,00",Fun Money,💰 Checking,Padel Matosinhos,✅,
,25/08/2023,"€15,92","€0,00",Auto Maintenance,💳 Revolut,Compras Minipreço pão + cervejas + frise,✅,
,26/08/2023,"€24,00","€0,00",Dining Out,💳 Revolut,Jantar MAdrigal André + Teles,✅,
,26/08/2023,"€46,50","€0,00",Fun Money,💳 Revolut,Bebidas Praça + Estação + IQADA,✅,
,27/08/2023,"€7,23","€0,00",Fun Money,💳 Revolut,Uber estação,✅,
,27/08/2023,"€20,00","€0,00",G,💰 Checking,G,✅,
,27/08/2023,"€5,40","€0,00",Fun Money,💳 Revolut,IQADA + Caf+e,✅,
,28/08/2023,"€10,00","€0,00",Dining Out,💳 Revolut,Almoço Cave,✅,
,28/08/2023,"€10,64","€0,00",Fun Money,💰 Checking,Prenda Francisca,✅,
,29/08/2023,"€0,00","€1 628,14",Available to budget,💰 Checking,Vencimento,✅,
,29/08/2023,"€1 000,00","€0,00",Available to budget,💰 Checking,Transf BCP -> Revo,✅,
,29/08/2023,"€0,00","€1 000,00",Available to budget,💳 Revolut,Transf BCP -> Revo,✅,
,29/08/2023,"€300,00","€0,00",House Rent,💰 Checking,Renda,✅,
,29/08/2023,"€4,00","€0,00",Fun Money,💳 Revolut,IQADA Velha,✅,
,29/08/2023,"€11,00","€0,00",Cell Phone Bill,💰 Checking,Carregamento Telemóvel,✅,
,29/08/2023,"€8,70","€0,00",Dining Out,💰 Checking,Almoço Ábaco,✅,
,30/08/2023,"€0,00","€0,00",,,,,
,31/08/2023,"€4,00","€0,00",Fun Money,💳 Revolut,IQADA Velha,✅,
,31/08/2023,"€3,00","€0,00",Fun Money,💰 Checking,Ténis,✅,
,31/08/2023,"€13,00","€0,00",Auto Maintenance,💰 Checking,Metro,✅,
,01/09/2023,"€19,20","€0,00",Fun Money,💰 Checking,Compras Jantar Porto ,✅,
,01/09/2023,"€4,00","€0,00",Fun Money,💳 Revolut,IQADA,✅,
,01/09/2023,"€20,00","€0,00",Fun Money,💳 Revolut,Noite Porto (Casa do livro + Casual Pants),✅,
,01/09/2023,"€3,00","€0,00",Gasoline,💰 Checking,Portagens,✅,
,02/09/2023,"€16,10","€0,00",Dining Out,💰 Checking,Tappas Gaia,✅,
,02/09/2023,"€4,00","€0,00",Fun Money,💳 Revolut,IQADA,✅,
,03/09/2023,"€1,79","€0,00",G,💳 Revolut,Talhada Velha,✅,
,04/09/2023,"€14,00","€0,00",Auto Maintenance,💰 Checking,Barbeiro,✅,
,04/09/2023,"€5,20","€0,00",Fun Money,💳 Revolut,IQADA Velha + Galão,✅,
,05/09/2023,"€12,00","€0,00",Auto Maintenance,💳 Revolut,Fivela Relógio,✅,
,05/09/2023,"€35,90","€0,00",Clothing,💳 Revolut,Roupa Zara,✅,
,05/09/2023,"€2,17","€0,00",Auto Maintenance,💰 Checking,Fiambre + Bolo do Caco,✅,
,05/09/2023,"€14,00","€0,00",Fun Money,💳 Revolut,Moscow Mule c/ Reis Mercado Negro,✅,
,06/09/2023,"€1,04","€0,00",Auto Maintenance,💰 Checking,Manutenção de Conta,✅,
,06/09/2023,"€1,65","€0,00",Gasoline,💰 Checking,Portagens,✅,
,07/09/2023,,,,,,,
,08/09/2023,,,,,,,
,09/09/2023,,,,,,,
,10/09/2023,"€359,87","€0,00",Vacations,💳 Revolut,London '23,✅,
,10/09/2023,"€1,50","€0,00",Gasoline,💰 Checking,Portagens,✅,
,10/09/2023,"€4,00","€0,00",Fun Money,💳 Revolut,IQADA Velha,✅,
,11/09/2023,"€28,00","€0,00",Auto Maintenance,💰 Checking,Pão + Compras Continente,✅,
,12/09/2023,,,,,,,
,13/09/2023,"€4,00","€0,00",Fun Money,💳 Revolut,IQADA Velha,✅,
,14/09/2023,"€31,00","€0,00",Auto Maintenance,💰 Checking,Café,✅,
,14/09/2023,"€4,99","€0,00",Fun Money,💳 Revolut,Flixi Lisa,✅,
,14/09/2023,"€19,58","€0,00",Fun Money,💰 Checking,Ryanair Faro,✅,
,14/09/2023,"€6,99","€0,00",Fun Money,💰 Checking,Flixi Lisa -> Porto,✅,
,15/09/2023,"€7,25","€0,00",Auto Maintenance,💰 Checking,Compras Minipreço,✅,
,15/09/2023,"€4,00","€0,00",Fun Money,💰 Checking,IQADA Velha,✅,
,15/09/2023,"€8,00","€0,00",Dining Out,💳 Revolut,Jantar Pizza Gaia,✅,
,16/09/2023,"€1,50","€0,00",Gasoline,💰 Checking,Portagens,✅,
,16/09/2023,"€28,00","€0,00",G,💳 Revolut,G,✅,
,16/09/2023,"€55,92","€0,00",Gasoline,💰 Checking,Gasóleo,✅,
,16/09/2023,"€38,00","€0,00",↕️ Account Transfer,💳 Revolut,Transf Revo -> BCP,✅,
,16/09/2023,"€0,00","€38,00",↕️ Account Transfer,💰 Checking,Transf Revo -> BCP,✅,
,16/09/2023,"€19,73","€0,00",Dining Out,💰 Checking,Jantar Avó (eu + metade da mãe),✅,
,17/09/2023,"€4,00","€0,00",Fun Money,💳 Revolut,IQADA Velha,✅,
,18/09/2023,"€4,00","€0,00",↕️ Account Transfer,💳 Revolut,Transf Revo -> BCP,✅,
,18/09/2023,"€0,00","€4,00",↕️ Account Transfer,💰 Checking,transf Revo -> BCP,✅,
,18/09/2023,"€2,30","€0,00",Auto Maintenance,💰 Checking,Chocolate Culinár,✅,
,19/09/2023,"€0,00","€12,49",Fun Money,💰 Checking,Reembolso 2ª metade perda de malas Maio,✅,
,19/09/2023,"€2,99","€0,00",Auto Maintenance,💰 Checking,Flixbus 25/09 Aveiro -> Porto,✅,
,19/09/2023,"€0,40","€0,00",Fun Money,💰 Checking,Bolachas CES,✅,
,20/09/2023,"€0,29","€0,00",Fun Money,💰 Checking,Pão de água Ritual,✅,
,20/09/2023,"€4,50","€0,00",Fun Money,💰 Checking,IQADA Velha,✅,
,21/09/2023,"€10,00","€0,00",Dining Out,💰 Checking,Almoço Tertúlia,✅,
,22/09/2023,"€2,80","€0,00",Auto Maintenance,💰 Checking,Comboio Lisboa -> Benfica,✅,
,22/09/2023,"€3,70","€0,00",Gasoline,💰 Checking,Portagens,✅,
,22/09/2023,"€26,00","€0,00",Dining Out,💰 Checking,Jantar Reis Lisa,✅,
,23/09/2023,"€8,30","€0,00",Dining Out,💳 Revolut,Mc Fátima + McFlurry,✅,
,23/09/2023,"€20,20","€0,00",Fun Money,💰 Checking,Uber Jantar Lisboa  + peq almoço + iqada + Uber regresso,✅,
,23/09/2023,"€10,00","€0,00",Fun Money,💳 Revolut,Titanic Lisboa,✅,
,23/09/2023,"€5,20","€0,00",Fun Money,💳 Revolut,Snacks Bomba a ir para Fátima,✅,
,23/09/2023,"€8,28","€0,00",Auto Maintenance,💳 Revolut,Caderno + Caneta,✅,
,23/09/2023,"€13,00","€0,00",G,💰 Checking,G Mastro Verde,✅,
,23/09/2023,"€10,00","€0,00",Fun Money,💰 Checking,Ajudas de custo Viagem p Aveiro,✅,
,23/09/2023,"€14,47","€0,00",G,💳 Revolut,Tabacada + Talhas,✅,
,24/09/2023,"€1,60","€0,00",Auto Maintenance,💰 Checking,Fiambre Mercadona,✅,
,25/09/2023,"€39,73","€0,00",Fun Money,💰 Checking,Perna de Ganso + Plim,✅,
,25/09/2023,"€1,79","€0,00",Auto Maintenance,💳 Revolut,Farinha Bolo,✅,
,26/09/2023,,,,,,✅,
,27/09/2023,"€0,00","€1 525,59",↕️ Account Transfer,💰 Checking,Vencimento,✅,
,27/09/2023,"€946,00","€0,00",↕️ Account Transfer,💰 Checking,BCP -> Revo,✅,
,27/09/2023,"€0,00","€946,00",↕️ Account Transfer,💳 Revolut,BCP -> Revo,✅,
,27/09/2023,"€300,00","€0,00",House Rent,💰 Checking,Renda,✅,
,27/09/2023,"€4,00","€0,00",Fun Money,💳 Revolut,IQADA Velha,✅,
,27/09/2023,"€2,00","€0,00",Fun Money,💳 Revolut,Ténis Antas,✅,
,28/09/2023,"€4,50","€0,00",Fun Money,💰 Checking,IQADA Velha,✅,
,28/09/2023,"€12,50","€0,00",Dining Out,💰 Checking,Almoço Tappas,✅,
,28/09/2023,"€11,50","€0,00",Cell Phone Bill,💰 Checking,Carregamento Telemóvel,✅,
,28/09/2023,"€2,60","€0,00",Fun Money,💰 Checking,Finada Velha,✅,
,29/09/2023,"€1,12","€0,00",Auto Maintenance,💰 Checking,Pão ,✅,
,30/09/2023,"€10,00","€0,00",Auto Maintenance,💰 Checking,Tape Decatlhon,✅,
,30/09/2023,"€9,75","€0,00",Fun Money,💰 Checking,Finada velha + Limonada Offshore,✅,
,30/09/2023,"€29,26","€0,00",Auto Maintenance,💰 Checking,Amazon Terraço,✅,
,30/09/2023,"€4,58","€0,00",Fun Money,💳 Revolut,IQADA Velha + café,✅,
,01/10/2023,"€5,00","€0,00",Fun Money,💳 Revolut,Finada Terraço,✅,
,02/10/2023,"€4,00","€0,00",Fun Money,💳 Revolut,IQADA Velha,✅,
,02/10/2023,"€2,60","€0,00",Auto Maintenance,💰 Checking,Portagens,✅,
,03/10/2023,"€17,10","€0,00",Dining Out,💰 Checking,Jantar Mabor Farol Vila do Conde,✅,
,04/10/2023,"€7,58","€0,00",Dining Out,💰 Checking,Almoço Ábaco Despedida Gonçalo,✅,
,04/10/2023,"€2,50","€0,00",Fun Money,💳 Revolut,Finaças Armazém,✅,
,04/10/2023,"€5,80","€0,00",Fun Money,💰 Checking,Finaças Armazém + iqada velha,✅,
,05/10/2023,"€28,88","€0,00",Auto Maintenance,💰 Checking,Vinho + pão + fiambre+ detergente + desodorizante,✅,
,05/10/2023,"€1,04","€0,00",Auto Maintenance,💰 Checking,Manutenção de conta,✅,
,05/10/2023,"€1,10","€0,00",Gasoline,💰 Checking,Portagens,✅,
,05/10/2023,"€20,00","€0,00",Auto Maintenance,💰 Checking,Perfume Aeroporto,✅,
,05/10/2023,"€19,10","€0,00",Vacations,💳 Revolut,Uber + Refeição Aeroporto,✅,
,06/10/2023,"€0,00","€0,00",Auto Maintenance,💰 Checking,,✅,
,06/10/2023,"€0,75","€0,00",Auto Maintenance,💳 Revolut,Escova de dentes,✅,
,07/10/2023,"€0,00","€0,00",Auto Maintenance,💰 Checking,,✅,
,08/10/2023,"€233,52","€0,00",Vacations,💰 Checking,Férias Alentejo,✅,
,08/10/2023,"€9,65","€0,00",Vacations,💳 Revolut,Mc Faro,✅,
,09/10/2023,"€4,00","€0,00",Fun Money,💰 Checking,IQADA Velha,✅,
,09/10/2023,"€7,81","€0,00",Dining Out,💳 Revolut,Almoço Benfica Pingo D + Pão Oriente,✅,
,09/10/2023,"€1,50","€0,00",Gasoline,💰 Checking,Portagens,✅,
,10/10/2023,,,,,,,
,11/10/2023,"€4,00","€0,00",Fun Money,💳 Revolut,IQADA Velha,✅,
,12/10/2023,"€0,82","€0,00",Auto Maintenance,💰 Checking,Pães + Tentativa de compra de bolachas,✅,
,13/10/2023,"€4,00","€0,00",Fun Money,💳 Revolut,IQADA Velha,✅,
,13/10/2023,"€3,09","€0,00",Auto Maintenance,💰 Checking,Pão + Tomates,✅,
,13/10/2023,"€0,85","€0,00",Auto Maintenance,💳 Revolut,Cola,✅,
,14/10/2023,"€7,50","€0,00",Fun Money,💳 Revolut,Noite Sábado Maravilhas,✅,
,14/10/2023,"€12,30","€0,00",Fun Money,💰 Checking,Noite Sábado Maravilhas,✅,
,15/10/2023,"€24,00","€0,00",G,💳 Revolut,G ao Curadex,✅,
,15/10/2023,"€40,15","€0,00",Gasoline,💰 Checking,Gasosa,✅,
,16/10/2023,"€0,40","€0,00",Fun Money,💰 Checking,Bolachas que não caíram,✅,
,17/10/2023,"€4,00","€0,00",Fun Money,💳 Revolut,IQADA Velha,✅,
,17/10/2023,"€3,05","€0,00",Gasoline,💰 Checking,Portagens,✅,
,17/10/2023,"€11,50","€0,00",Auto Maintenance,💳 Revolut,Compras continente,✅,
,19/10/2023,"€11,50","€0,00",Cell Phone Bill,💰 Checking,Carregamento Telemóvel,✅,
,19/10/2023,"€11,10","€0,00",Dining Out,💳 Revolut,Almoço Tasquinha do Caco despedida do Henrique,✅,
,19/10/2023,"€4,00","€0,00",Fun Money,💰 Checking,IQADA Velha,✅,
,19/10/2023,"€2,60","€0,00",Fun Money,💳 Revolut,Finada velha,✅,
,20/10/2023,"€1,82","€0,00",Fun Money,💳 Revolut,Talhas Curado,✅,
,20/10/2023,"€1,02","€0,00",Auto Maintenance,💳 Revolut,Pão + Tomates,✅,
,21/10/2023,"€6,00","€0,00",Auto Maintenance,💳 Revolut,Desumidificadores de armário,✅,
,21/10/2023,"€4,00","€0,00",Fun Money,💳 Revolut,IQADA Velha,✅,
,22/10/2023,,,,,,,
,23/10/2023,"€7,62","€0,00",ChatGPT,💳 Revolut,ChatGPT subscription,✅,
,23/10/2023,"€4,00","€0,00",Fun Money,💳 Revolut,IQADA Velha,✅,
,24/10/2023,"€3,00","€0,00",Gasoline,💰 Checking,Portagens,✅,
,24/10/2023,"€10,00","€0,00",Auto Maintenance,💰 Checking,Barbeiro,✅,
,25/10/2023,"€7,42","€0,00",Auto Maintenance,💰 Checking,Pão + Tomates + Leite,✅,
,25/10/2023,"€23,50","€0,00",Dining Out,💰 Checking,Offline Gaia c/ André,✅,
,26/10/2023,"€4,00","€0,00",Fun Money,💳 Revolut,IQADA Velha,✅,
,27/10/2023,"€0,00","€1 563,50",↕️ Account Transfer,💰 Checking,Vencimento,✅,
,27/10/2023,"€800,00","€0,00",↕️ Account Transfer,💰 Checking,Trans BCP -> Revo,✅,
,27/10/2023,"€0,00","€800,00",↕️ Account Transfer,💳 Revolut,Trans BCP -> Revo,✅,
,27/10/2023,"€11,60","€0,00",Fun Money,💳 Revolut,Cervejas Mc + IQADA Velha,✅,
,28/10/2023,"€16,60","€0,00",Auto Maintenance,💰 Checking,Travessão guitarra + palhetas,✅,
,28/10/2023,"€9,00","€0,00",Fun Money,💰 Checking,Prenda Curado c/ André - Harmónica,✅,
,28/10/2023,"€20,00","€0,00",G,💰 Checking,G Curadex,✅,
,29/10/2023,"€4,00","€0,00",Fun Money,💳 Revolut,IQADA Velha,✅,
,29/10/2023,"€4,00","€0,00",↕️ Account Transfer,💳 Revolut,IQADA Reis,✅,
,29/10/2023,"€0,00","€4,00",↕️ Account Transfer,💰 Checking,IQADA Reis,✅,
,30/10/2023,"€54,21","€0,00",Gasoline,💰 Checking,Gasosa,✅,
,31/10/2023,"€4,00","€0,00",Fun Money,💳 Revolut,IQADA Velha,✅,
,31/10/2023,"€9,50","€0,00",Dining Out,💳 Revolut,Jantar casa do André,✅,
,31/10/2023,"€8,50","€0,00",Fun Money,💰 Checking,Onça de tabaco LM,✅,
,01/11/2023,"€300,00","€0,00",House Rent,💰 Checking,Renda,✅,
,01/11/2023,"€2,30","€0,00",Fun Money,💰 Checking,Lanche,✅,
,01/11/2023,"€37,96","€0,00",Auto Maintenance,💰 Checking,Compras Pingo + Café,✅,
,02/11/2023,"€3,00","€0,00",Gasoline,💰 Checking,Portagens,✅,
,02/11/2023,"€119,97","€0,00",Clothing,💳 Revolut,Sapatilhas Corrida + Calças Tiffosi,✅,
,02/11/2023,"€4,00","€0,00",Fun Money,💳 Revolut,IQADA Velha,✅,
,03/11/2023,"€1,70","€0,00",Fun Money,💰 Checking,Croissant c/ chocolate + café (Mercadona),✅,
,03/11/2023,"€0,00","€45,44",↕️ Account Transfer,💰 Checking,Últimas despesas Lousy Town,✅,
,03/11/2023,"€1,04","€0,00",↕️ Account Transfer,💰 Checking,Manutenção de conta,✅,
,04/11/2023,"€11,34","€0,00",Fun Money,💳 Revolut,Café c/ Neto & Co + Garrafa Coutada Velha + IQADA,✅,
,05/11/2023,"€2,20","€0,00",Fun Money,💰 Checking,Café c/ Mãe - Bronze,✅,
,06/11/2023,"€5,79","€0,00",Fun Money,💳 Revolut,IQADA + Talhas,✅,
,07/11/2023,"€1,50","€0,00",Gasoline,💰 Checking,Portagens,✅,
,08/11/2023,"€7,45","€0,00",Fun Money,💰 Checking,Húngaros CES + Rodada Magusto,✅,
,09/11/2023,"€7,90","€0,00",Dining Out,💳 Revolut,Jantar Pizza casa do andré,✅,
,09/11/2023,"€4,00","€0,00",Fun Money,💳 Revolut,IQADA Velha,✅,
,09/11/2023,"€9,07","€0,00",Auto Maintenance,💰 Checking,Pasta dos dentes + natas + pão + sonasol,✅,
,10/11/2023,"€1,79","€0,00",G,💳 Revolut,Talhas,✅,
,11/11/2023,"€79,99","€0,00",Auto Maintenance,💰 Checking,Centro Dental Oral B,✅,
,11/11/2023,"€18,18","€0,00",Fun Money,💰 Checking,Prenda Gonçalo + Vinho Branco,✅,
,11/11/2023,"€4,00","€0,00",Fun Money,💳 Revolut,IQADA Velha,✅,
,12/11/2023,,,,,,✅,
,13/11/2023,"€1,50","€0,00",Fun Money,💰 Checking,Magusto CES Nour,✅,
,13/11/2023,"€4,00","€0,00",Fun Money,💳 Revolut,IQADA Velha,✅,
,13/11/2023,"€16,09","€0,00",Gasoline,💰 Checking,Gasosa,✅,
,14/11/2023,,,,,,✅,
,15/11/2023,"€11,50","€0,00",Cell Phone Bill,💰 Checking,Carregamento Móvel,✅,
,15/11/2023,"€4,20","€0,00",Gasoline,💰 Checking,Portagens,✅,
,15/11/2023,"€4,00","€0,00",Fun Money,💳 Revolut,IQADA Velha,✅,
,16/11/2023,,,,,,,
,17/11/2023,"€13,60","€0,00",Auto Maintenance,💰 Checking,Passe metro,✅,
,17/11/2023,"€21,34","€0,00",Fun Money,💰 Checking,Noite Porto pós askME,✅,
,17/11/2023,"€30,17","€0,00",Dining Out,💰 Checking,Jantar Han Table,,
,18/11/2023,"€4,00","€0,00",Fun Money,💳 Revolut,IQADA Velha,✅,
,19/11/2023,"€5,35","€0,00",Auto Maintenance,💰 Checking,Café/Fiambre,✅,
,20/11/2023,"€4,00","€0,00",Fun Money,💳 Revolut,IQADA Velha,✅,
,20/11/2023,"€15,05","€0,00",Gasoline,💰 Checking,"Gasosa 1,60",✅,
,21/11/2023,,,,,,✅,
,22/11/2023,"€2,50","€0,00",Fun Money,💰 Checking,Lanche de pizza Ritual,✅,
,22/11/2023,"€4,00","€0,00",Fun Money,💳 Revolut,IQADA Velha,✅,
,22/11/2023,"€3,00","€0,00",Gasoline,💰 Checking,Portagens,✅,
,23/11/2023,"€21,77","€0,00",Dining Out,💰 Checking,Jantar Foreva Famalicão,✅,
,23/11/2023,"€9,00","€0,00",Fun Money,💰 Checking,Bowling Famalicão,✅,
,24/11/2023,"€32,00","€0,00",G,💰 Checking,G e Melos,✅,
,25/11/2023,"€19,20","€0,00",Auto Maintenance,💰 Checking,Compras Continente,✅,
,25/11/2023,"€9,65","€0,00",Fun Money,💳 Revolut,7g Roaster + Pizza + Cinema,✅,
,25/11/2023,"€10,00","€0,00",Dining Out,💳 Revolut,Pizza Casa do André,✅,
,26/11/2023,"€3,35","€0,00",Auto Maintenance,💰 Checking,Corda Guitarra,✅,
,26/11/2023,"€20,06","€0,00",Gasoline,💰 Checking,Gasóleo,✅,
,26/11/2023,"€4,00","€0,00",Fun Money,💳 Revolut,IQADA Velha,✅,
,28/11/2023,"€0,00","€2 945,23",↕️ Account Transfer,💰 Checking,Vencimento + Subs Natal,✅,
,28/11/2023,"€2 290,00","€0,00",↕️ Account Transfer,💰 Checking,BCP -> Revolut,✅,
,28/11/2023,"€0,00","€2 290,00",↕️ Account Transfer,💳 Revolut,BCP -> Revolut,✅,
,28/11/2023,"€300,00","€0,00",House Rent,💰 Checking,Renda,✅,
,29/11/2023,"€4,00","€0,00",Fun Money,💳 Revolut,IQADA Velha,✅,
,29/11/2023,"€0,00","€10,27",Auto Maintenance,💰 Checking,Compras Minipreço,✅,
,30/11/2023,"€8,23","€0,00",Dining Out,💰 Checking,Almoço Ábaco,✅,
,01/12/2023,"€6,40","€0,00",Gasoline,💰 Checking,Portagens,✅,
,01/12/2023,"€30,38","€0,00",Dining Out,💰 Checking,"Almoço Maia c/ Catarina, Tiago, Carlos + Jantar Pardinas",✅,
,01/12/2023,"€10,00","€8,00",Fun Money,💰 Checking,Esgueira x Benfica + Café Curado/André + Reembolso André G,✅,
,01/12/2023,"€4,00","€0,00",Fun Money,💳 Revolut,IQADA Velha,✅,
,01/12/2023,"€7,41","€0,00",Auto Maintenance,💳 Revolut,ChatGPT,✅,
,02/12/2023,"€25,60","€0,00",Dining Out,💰 Checking,Jantar Espeto do Sul,✅,
,03/12/2023,"€25,00","€0,00",G,💰 Checking,G,✅,
,03/12/2023,"€5,82","€0,00",G,💳 Revolut,Iqada Velha + Talhas,✅,
,04/12/2023,"€25,01","€0,00",Gasoline,💰 Checking,Gasóleo,✅,
,04/12/2023,"€1,70","€0,00",Auto Maintenance,💰 Checking,Fiambre,✅,
,05/12/2023,"€4,00","€0,00",Fun Money,💳 Revolut,iqada velha,✅,
,06/12/2023,"€1,04","€0,00",Auto Maintenance,💰 Checking,Manutenção de Conta,✅,
,07/12/2023,"€4,00","€0,00",Fun Money,💳 Revolut,IQADA Velha,✅,
,07/12/2023,"€6,75","€0,00",Dining Out,💰 Checking,Pizza Casa do André,✅,
,07/12/2023,"€3,65","€0,00",Fun Money,💰 Checking,Cinema,✅,
,07/12/2023,"€4,90","€0,00",Fun Money,💳 Revolut,Pipocas Cinema,✅,
,07/12/2023,"€4,50","€0,00",Gasoline,💰 Checking,Portagens,✅,
,08/12/2023,"€7,90","€0,00",Auto Maintenance,💰 Checking,Guarda Chuva + Fiambre,✅,
,08/12/2023,"€13,90","€0,00",Dining Out,💰 Checking,Jantar c/ Mãe Outlet,✅,
,08/12/2023,"€1,00","€0,00",Fun Money,💰 Checking,Café Mãe,✅,
,09/12/2023,"€69,95","€0,00",Auto Maintenance,💰 Checking,Perfume,✅,
,09/12/2023,"€5,80","€0,00",Fun Money,💳 Revolut,IQADA Velha + Café c/ Prod,✅,
,10/12/2023,"€1,08","€0,00",Fun Money,💰 Checking,Pão Mercadona,✅,
,11/12/2023,"€9,70","€0,00",Fun Money,💳 Revolut,Finaça c/ Teles & Curado + IQADA Velha + Café Bomba,✅,
,11/12/2023,"€20,02","€0,00",Gasoline,💰 Checking,"Gasóleo 1,568",✅,
,12/12/2023,"€1,00","€0,00",Fun Money,💰 Checking,Rifa D. Vera,✅,
,12/12/2023,"€3,83","€0,00",Auto Maintenance,💰 Checking,Compras Minipreço,✅,
,12/12/2023,"€11,00","€0,00",Cell Phone Bill,💰 Checking,Carregamento Telemóvel,✅,
,13/12/2023,"€10,00","€0,00",Auto Maintenance,💰 Checking,Barbeiro,✅,
,13/12/2023,"€4,00","€0,00",Fun Money,💳 Revolut,IQADA Velha,✅,
,13/12/2023,"€6,50","€0,00",Fun Money,💳 Revolut,Padel + Fino,✅,
,14/12/2023,"€8,64","€0,00",Dining Out,💰 Checking,Almoço Equipa,✅,
,14/12/2023,"€4,00","€0,00",Fun Money,💳 Revolut,IQADA Velha,✅,
,14/12/2023,"€7,19","€0,00",Fun Money,💳 Revolut,Uber jantar CES,✅,
,14/12/2023,"€21,54","€0,00",↕️ Account Transfer,💳 Revolut,Revolut -> Checking,✅,
,14/12/2023,"€0,00","€21,54",↕️ Account Transfer,💰 Checking,Revolut -> Checking,✅,
,15/12/2023,"€17,10","€0,00",Dining Out,💰 Checking,Culpa é da Vontade c/ Mãe,✅,
,16/12/2023,"€4,00","€0,00",Fun Money,💳 Revolut,IQADA Velha,✅,
,16/12/2023,"€8,90","€0,00",Auto Maintenance,💰 Checking,Tape,✅,
,17/12/2023,"€1,78","€0,00",Auto Maintenance,💰 Checking,Compras Continente,✅,
,17/12/2023,"€5,50","€0,00",Auto Maintenance,💳 Revolut,Lavagem Carro,✅,
,17/12/2023,"€15,00","€0,00",G,💳 Revolut,G,✅,
,18/12/2023,"€0,30","€0,00",Fun Money,💰 Checking,Brincadeira das cartas Jantar CES,✅,
,18/12/2023,"€15,58","€0,00",Auto Maintenance,💳 Revolut,Medicação,✅,
,19/12/2023,"€46,48","€0,00",Auto Maintenance,💳 Revolut,Consulta + medicação,✅,
,20/12/2023,"€30,21","€0,00",Auto Maintenance,💰 Checking,Inscrição Meia Maratona,✅,
,21/12/2023,"€73,22","€0,00",Fun Money,💰 Checking,Prenda Rita + Mãe,✅,
,22/12/2023,"€18,18","€0,00",Dining Out,💰 Checking,Jantar 2 Duques,✅,
,22/12/2023,"€4,00","€0,00",Fun Money,💳 Revolut,IQADA Velha,✅,
,23/12/2023,"€3,00","€0,00",Gasoline,💰 Checking,Portagens,✅,
,23/12/2023,"€7,34","€0,00",Auto Maintenance,💳 Revolut,ChatGPT,✅,
,24/12/2023,"€0,00","€250,00",Fun Money,💰 Checking,Prendas de Natal,✅,
,24/12/2023,"€4,70","€0,00",Fun Money,💳 Revolut,IQADA Velha + Café,✅,
,25/12/2023,,,,,,,
,26/12/2023,"€2,91","€0,00",Auto Maintenance,💰 Checking,Fiambre + Pão + Águas c/ gás,✅,
,26/12/2023,"€25,01","€0,00",Gasoline,💰 Checking,Gasosa,✅,
,26/12/2023,"€31,99","€0,00",Fun Money,💰 Checking,FIfa 24,✅,
,27/12/2023,"€0,00","€1 564,57",↕️ Account Transfer,💰 Checking,Vencimento,✅,
,27/12/2023,"€800,00","€0,00",↕️ Account Transfer,💰 Checking,BCP -> Revolut,✅,
,27/12/2023,"€0,00","€800,00",↕️ Account Transfer,💳 Revolut,BCP -> Revolut,✅,
,27/12/2023,"€300,00","€0,00",House Rent,💰 Checking,Renda Janeiro,✅,
,27/12/2023,"€4,00","€0,00",Fun Money,💳 Revolut,IQADA Velha,✅,
,27/12/2023,"€16,88","€0,00",Auto Maintenance,💰 Checking,Compras minipreço,✅,
,28/12/2023,"€7,94","€0,00",Dining Out,💰 Checking,"Almoço Ábaco c/ Cléder, Titis e Gonci",✅,
,28/12/2023,"€500,00","€0,00",Fun Money,💳 Revolut,iPhone 14 256gb,✅,
,28/12/2023,"€22,50","€0,00",Dining Out,💰 Checking,Sushi c/ André,✅,
,29/12/2023,"€2 500,00","€0,00",Available to budget,💳 Revolut,Certificados de Aforro,✅,
,29/12/2023,"€6,22","€0,00",Fun Money,💳 Revolut,Iqada Velha + Café + Talhas,✅,
,29/12/2023,"€5,00","€0,00",Fun Money,💰 Checking,Capa do móvel + isqueiro Reis,✅,
,30/12/2023,"€44,26","€0,00",Fun Money,💰 Checking,Despesas PDA,✅,
,31/12/2023,"€0,00","€10,00",G,💰 Checking,Reembolso G Leite,✅,
,01/01/2024,"€28,16","€0,00",Fun Money,💳 Revolut,IQADA Velha + PDA + Mc After PDA,✅,
,02/01/2024,"€35,15","€0,00",Gasoline,💰 Checking,Gasóleo,✅,
,03/01/2024,"€0,00","€50,00",↕️ Account Transfer,💰 Checking,Transf Tio Mário,✅,
,03/01/2024,"€4,00","€0,00",Fun Money,💳 Revolut,IQADA Velha,✅,
,03/01/2024,"€23,00","€0,00",Auto Maintenance,💰 Checking,Café Nespresso,✅,
,04/01/2024,"€4,00","€0,00",Fun Money,💰 Checking,IQADA Velha,✅,
,04/01/2024,"€5,00","€0,00",Fun Money,💳 Revolut,Padel,✅,
,05/01/2024,"€1,04","€0,00",Auto Maintenance,💰 Checking,Imposto de Selo,✅,
,05/01/2024,"€1,50","€0,00",Gasoline,💰 Checking,Portagens,✅,
,05/01/2024,"€5,00","€0,00",G,💰 Checking,G,✅,
,05/01/2024,"€21,48","€0,00",Fun Money,💰 Checking,Prof Lisa,✅,
,06/01/2024,"€3,60","€0,00",Fun Money,💰 Checking,Cafézada c/ Curado,✅,
,06/01/2024,"€4,00","€0,00",Fun Money,💳 Revolut,IQADA Velha,✅,
,06/01/2024,"€20,00","€0,00",Dining Out,💰 Checking,Jantar San Marco c/ Rita,✅,
,06/01/2024,"€26,02","€0,00",Auto Maintenance,💰 Checking,Compras Porto,✅,
,06/01/2024,"€14,32","€0,00",Auto Maintenance,💰 Checking,Cabo aux + jack + Champô + águas c/ gás,✅,
,07/01/2024,"€0,00","€0,00",Fun Money,💰 Checking,,✅,
,08/01/2024,"€1,50","€0,00",Gasoline,💰 Checking,Portagens,✅,
,08/01/2024,"€4,00","€0,00",Fun Money,💳 Revolut,IQADA Velha,✅,
,08/01/2024,"€23,98","€0,00",Fun Money,💰 Checking,Ida/Volta Lisa Prof,✅,
,09/01/2024,"€11,00","€0,00",Cell Phone Bill,💰 Checking,Carregamento Móvel,✅,
,10/01/2024,"€4,00","€130,00",Fun Money,💳 Revolut,IQADA Velha + Venda iPhone Xr,✅,
,11/01/2024,"€9,15","€0,00",Dining Out,💰 Checking,Almoço Ábaco,✅,
,11/01/2024,"€5,00","€0,00",Fun Money,💳 Revolut,Padel,✅,
,12/01/2024,"€3,06","€0,00",Auto Maintenance,💰 Checking,Pão + Fiambre Minipreço,✅,
,12/01/2024,"€9,00","€0,00",Fun Money,💳 Revolut,IQADA Velha + Finaças,✅,
,12/01/2024,"€7,50","€0,00",Fun Money,💰 Checking,Finaças S. Gonçalinho,✅,
,13/01/2024,"€3,00","€0,00",Auto Maintenance,💰 Checking,Piscina Sporting,✅,
,13/01/2024,"€34,70","€0,00",Dining Out,💰 Checking,Jantar c/ André - Costa Nova,✅,
,13/01/2024,"€0,60","€0,00",Fun Money,💰 Checking,Bolachas Piscina,✅,
,13/01/2024,"€1,40","€0,00",Fun Money,💰 Checking,IQADA Velha,✅,
,13/01/2024,"€2,60","€0,00",Fun Money,💳 Revolut,IQADA Velha,✅,
,13/01/2024,"€5,00","€0,00",G,💰 Checking,G,✅,
,14/01/2024,"€10,47","€0,00",G,💳 Revolut,Talhas + Tabaquex,✅,
,14/01/2024,"€35,20","€0,00",Gasoline,💰 Checking,Gasóleo,✅,
,15/01/2024,"€22,20","€0,00",Clothing,💳 Revolut,Malha Sacoor,✅,
,16/01/2024,"€3,00","€0,00",Gasoline,💰 Checking,Portagens,✅,
,16/01/2024,"€4,00","€0,00",Fun Money,💳 Revolut,IQADA Velha,✅,
,17/01/2024,"€9,72","€0,00",Auto Maintenance,💰 Checking,Compras Conmtinente,✅,
,18/01/2024,"€4,00","€0,00",Fun Money,💰 Checking,IQADA Velha,✅,
,19/01/2024,"€15,20","€0,00",Dining Out,💰 Checking,Almoço Taberna Londrina,✅,
,20/01/2024,"€4,00","€0,00",Fun Money,💳 Revolut,IQADA Velha,✅,
,20/01/2024,"€1,50","€0,00",Fun Money,💰 Checking,Fino Mercado Negro c/ Carolina Santos,✅,
,21/01/2024,"€10,00","€0,00",Fun Money,💳 Revolut,Cocktail Terraço,✅,
,22/01/2024,"€4,00","€0,00",Fun Money,💳 Revolut,IQADA Velha,✅,
,23/01/2024,"€5,01","€0,00",Auto Maintenance,💰 Checking,Compras Continente,✅,
,23/01/2024,"€3,00","€0,00",Gasoline,💰 Checking,Portagens,✅,
,24/01/2024,"€7,44","€0,00",ChatGPT,💳 Revolut,GPT,✅,
,24/01/2024,"€15,50","€0,00",Spotify,💳 Revolut,Spoti,✅,
,24/01/2024,"€40,00","€0,00",Auto Maintenance,💳 Revolut,Consulta Dentista,✅,
,25/01/2024,"€11,50","€0,00",Fun Money,💳 Revolut,IQADA Velha,✅,
,25/01/2024,"€2,60","€0,00",Fun Money,💰 Checking,Lanche de Pizza,✅,
,26/01/2024,"€4,00","€0,00",Fun Money,💳 Revolut,IQADA Velha,✅,
,26/01/2024,"€128,00","€0,00",Crypto,💳 Revolut,Short BTC 40k,✅,
,27/01/2024,"€23,00","€0,00",Fun Money,💰 Checking,Ovarense + Fino + Oliveirense x Esgueira,✅,
,28/01/2024,"€14,95","€0,00",Auto Maintenance,💳 Revolut,Farmácia Moura,✅,
,28/01/2024,"€55,61","€0,00",Gasoline,💰 Checking,Gasóleo,✅,
,29/01/2024,"€0,00","€1 682,60",↕️ Account Transfer,💰 Checking,Vencimento,✅,
,29/01/2024,"€886,00","€0,00",↕️ Account Transfer,💰 Checking,BCP -> Revolut,✅,
,29/01/2024,"€0,00","€886,00",↕️ Account Transfer,💳 Revolut,BCP -> Revolut,✅,
,29/01/2024,"€320,00","€0,00",House Rent,💰 Checking,Renda,✅,
,29/01/2024,"€4,00","€0,00",Fun Money,💰 Checking,IQADA Velha,✅,
,29/01/2024,"€8,91","€0,00",Cell Phone Bill,💰 Checking,Carregamento Móvel,✅,
,29/01/2024,"€0,85","€0,00",Auto Maintenance,💰 Checking,Pão Minipreço,✅,
,30/01/2024,"€2,00","€0,00",Fun Money,💰 Checking,Carnaval de Ovar,✅,
,31/01/2024,"€4,00","€0,00",Fun Money,💳 Revolut,IQADA Velha,✅,
,31/01/2024,"€72,30","€0,00",Fun Money,💳 Revolut,"Evil Alive Junho c/ André, Dudu, Cupido",✅,
,01/02/2024,"€1,10","€0,00",Fun Money,💰 Checking,Croissant Ritual,✅,
,02/02/2024,"€4,50","€0,00",Gasoline,💰 Checking,Portagens,✅,
,02/02/2024,"€5,25","€0,00",Fun Money,💳 Revolut,IQADA Velha + Talhas,✅,
,03/02/2024,"€8,40","€0,00",Fun Money,💳 Revolut,Iqada velha + Café c/ Mãe,✅,
,03/02/2024,"€17,00","€0,00",Fun Money,💰 Checking,Pão de Deus + Jantar Curadex,✅,
,03/02/2024,"€1,82","€0,00",↕️ Account Transfer,💳 Revolut,Talhas Curadex,✅,
,03/02/2024,"€0,00","€1,82",↕️ Account Transfer,💰 Checking,Talhas Curadex,✅,
,04/02/2024,"€5,50","€0,00",Auto Maintenance,💰 Checking,Lavagem do carro,✅,
,04/02/2024,"€1,95","€0,00",Auto Maintenance,💰 Checking,Compras Mercadona,✅,
,05/02/2024,"€1,04","€0,00",Auto Maintenance,💰 Checking,Custo manutenção conta,✅,
,06/02/2024,"€3,60","€0,00",Gasoline,💰 Checking,Portagens,✅,
,06/02/2024,"€4,00","€0,00",Fun Money,💳 Revolut,IQADA Velha,✅,
,06/02/2024,"€2,99","€0,00",Fun Money,💰 Checking,Flixbus Aveiro -> Porto,✅,
,08/02/2024,"€4,00","€0,00",Fun Money,💰 Checking,IQADA Velha,✅,
,08/02/2024,"€14,80","€0,00",Dining Out,💰 Checking,Almoço Tasquinha do Caco,✅,
,08/02/2024,"€14,00","€0,00",Auto Maintenance,💰 Checking,Passe Metro,✅,
,09/02/2024,"€1,50","€0,00",Gasoline,💰 Checking,Portagens,✅,
,10/02/2024,"€4,00","€0,00",Fun Money,💳 Revolut,IQADA Velha,✅,
,10/02/2024,"€4,47","€0,00",Auto Maintenance,💰 Checking,Águas c gás + café,✅,
,10/02/2024,"€4,00","€0,00",Fun Money,💳 Revolut,IQADA Velha,✅,
,10/02/2024,"€5,00","€0,00",Auto Maintenance,💰 Checking,Bainhas,✅,
,11/02/2024,"€19,67","€0,00",Fun Money,💰 Checking,Vinhos Continente,✅,
,12/02/2024,"€12,10","€0,00",Dining Out,💳 Revolut,Jantar Ramona,✅,
,12/02/2024,"€4,00","€0,00",Fun Money,💳 Revolut,IQADA Velha,✅,
,12/02/2024,"€15,87","€0,00",Fun Money,💰 Checking,Carnaval de Ovar + Comboio que não usei,✅,
,13/02/2024,"€2,00","€0,00",Auto Maintenance,💰 Checking,Fiambre + Água c gás,✅,
,14/02/2024,"€0,00","€0,00",,,,✅,
,15/02/2024,"€1,49","€0,00",Auto Maintenance,💰 Checking,Pão + Bolachas,✅,
,15/02/2024,"€10,00","€0,00",Auto Maintenance,💰 Checking,Barbeiro,✅,
,15/02/2024,"€4,00","€0,00",Fun Money,💳 Revolut,IQADA Velha,✅,
,15/02/2024,"€1,95","€0,00",Gasoline,💰 Checking,Portagens,✅,
,16/02/2024,"€30,00","€0,00",G,💰 Checking,G Lisa,✅,
,16/02/2024,"€2,90","€0,00",Fun Money,💰 Checking,Comboio Oriente -> Benfica,✅,
,16/02/2024,"€16,43","€0,00",Fun Money,💰 Checking,Jantar 6ª,✅,
,17/02/2024,"€4,10","€0,00",Dining Out,💰 Checking,Peq Almoço Lisa,✅,
,17/02/2024,"€26,00","€0,00",Dining Out,💰 Checking,Fino Terreiro do Paço + Kebab mt barato + Jantar Alcântara,✅,
,17/02/2024,"€3,67","€0,00",Fun Money,💰 Checking,Finos Noite,✅,
,17/02/2024,"€6,10","€0,00",Fun Money,💰 Checking,Autocarro + IQADA Velha,✅,
,17/02/2024,"€3,60","€0,00",Fun Money,💳 Revolut,Metro Lisa,✅,
,18/02/2024,"€1,45","€0,00",Dining Out,💰 Checking,Pequeno Almoço Lisa + Domino's,✅,
,18/02/2024,"€6,83","€0,00",Fun Money,💰 Checking,Benfica + Finos,✅,
,18/02/2024,"€4,00","€0,00",Fun Money,💳 Revolut,IQADA Velha,✅,
,19/02/2024,,,,,,,
,20/02/2024,"€5,90","€0,00",Auto Maintenance,💰 Checking,Arroz + Bolachas,✅,
,21/02/2024,"€13,20","€0,00",Fun Money,💳 Revolut,StephStrings,✅,
,21/02/2024,"€4,00","€0,00",Fun Money,💳 Revolut,IQADA Velha,✅,
,22/02/2024,"€16,21","€0,00",Dining Out,💰 Checking,Ramen R6KU,✅,
,23/02/2024,"€4,00","€0,00",Fun Money,💳 Revolut,IQADA Velha,✅,
,23/02/2024,"€3,00","€0,00",Gasoline,💰 Checking,Portagens,✅,
,23/02/2024,"€0,69","€0,00",Auto Maintenance,💰 Checking,Pão,✅,
,23/02/2024,"€46,23","€0,00",Fun Money,💳 Revolut,Real World,✅,
,23/02/2024,"€7,50","€0,00",Fun Money,💰 Checking,Padel YourPadel,✅,
,23/02/2024,"€13,50","€0,00",Fun Money,💰 Checking,Noite Anos André,✅,
,23/02/2024,"€5,64","€0,00",Fun Money,💳 Revolut,Uber Casa,✅,
,24/02/2024,"€7,40","€0,00",Fun Money,💳 Revolut,Onça + Talhas,✅,
,24/02/2024,"€7,02","€0,00",Fun Money,💳 Revolut,IQADA Velha,✅,
,25/02/2024,"€11,80","€0,00",Cell Phone Bill,💰 Checking,Carregamento Móvel,✅,
,26/02/2024,"€49,12","€0,00",Gasoline,💰 Checking,Gasóelo,✅,
,26/02/2024,"€4,21","€0,00",Auto Maintenance,💰 Checking,Pão + Fiambre + Águas c/ gás,✅,
,26/02/2024,"€4,00","€0,00",Fun Money,💳 Revolut,IQADA Velha,✅,
,27/02/2024,"€40,45","€0,00",Auto Maintenance,💰 Checking,Melatonina + Pensos,✅,
,27/02/2024,"€0,00","€1 724,00",↕️ Account Transfer,💰 Checking,Vencimento,✅,
,27/02/2024,"€320,00","€0,00",House Rent,💰 Checking,Renda,✅,
,27/02/2024,"€1 000,00","€0,00",↕️ Account Transfer,💰 Checking,BCP -> Revo,✅,
,27/02/2024,"€0,00","€1 000,00",↕️ Account Transfer,💳 Revolut,BCP -> Revo,✅,
,27/02/2024,"€2,70","€0,00",Auto Maintenance,💰 Checking,Gel de banho + bolachas,✅,
,28/02/2024,"€1,38","€0,00",Auto Maintenance,💰 Checking,Pão Minipreço,✅,
,29/02/2024,"€1 975,00","€0,00",Crypto,💳 Revolut,"Matic 0,9635€",✅,
,29/02/2024,"€9,30","€0,00",Fun Money,💳 Revolut,IQADA Velha + finada + 1/2 tosta mista,✅,
,01/03/2024,"€158,29","€0,00",Car Property Tax,💳 Revolut,IUC,✅,
,01/03/2024,"€33,00","€0,00",Fun Money,💰 Checking,Prenda Prod + Padel,✅,
,01/03/2024,"€1,05","€0,00",Fun Money,💰 Checking,Barra Milka,✅,
,02/03/2024,"€4,00","€0,00",Fun Money,💳 Revolut,IQADA Velha,✅,
,03/03/2024,"€37,75","€0,00",Fun Money,💰 Checking,Prenda do André + Lanche c/ Curado,✅,
,03/03/2024,"€7,47","€0,00",ChatGPT,💳 Revolut,ChatGPT,✅,
,04/03/2024,"€0,00","€114,00",Crypto,💳 Revolut,"Brincadeiras com futuros -> Step Back -> ""Short BTC at 40k""",✅,
,04/03/2024,"€60,00","€0,00",Auto Maintenance,💳 Revolut,Consulta Ferraz,✅,
,04/03/2024,"€4,00","€0,00",Fun Money,💳 Revolut,IQADA Velha,✅,
,05/03/2024,"€2 314,00","€0,00",Crypto,💳 Revolut,Transferência p Binance,✅,
,06/03/2024,"€1,04","€0,00",Auto Maintenance,💰 Checking,Imposto de selo Cartão,✅,
,06/03/2024,"€5,00","€0,00",Fun Money,💰 Checking,Poor Things,✅,
,07/03/2024,"€0,90","€0,00",Gasoline,💰 Checking,Portagens,✅,
,07/03/2024,"€4,00","€0,00",Fun Money,💳 Revolut,IQADA Velha,✅,
,07/03/2024,"€11,70","€0,00",Dining Out,💰 Checking,Almoço Tasquinha do Caco,✅,
,07/03/2024,"€2,80","€0,00",Fun Money,💰 Checking,Finos Ritual,✅,
,08/03/2024,"€4,00","€0,00",Fun Money,💳 Revolut,IQADA Velha,✅,
,08/03/2024,"€1,26","€0,00",Auto Maintenance,💰 Checking,Pão,✅,
,09/03/2024,"€27,20","€0,00",Fun Money,💳 Revolut,IQADA Velha + Café + IMAX Dune 2 + Pipocas + Brownies,✅,
,09/03/2024,"€8,60","€0,00",Fun Money,💰 Checking,Viagem Porto + G + Peq Almoço,✅,
,09/03/2024,"€3,00","€0,00",Gasoline,💰 Checking,Portagens,✅,
,10/03/2024,,,,,,✅,
,11/03/2024,"€49,43","€0,00",Gasoline,💰 Checking,"Gasosa 1,549",✅,
,12/03/2024,,,,,,,
,13/03/2024,"€4,00","€0,00",Fun Money,💳 Revolut,IQADA Velha,✅,
,13/03/2024,"€21,36","€0,00",Auto Maintenance,💰 Checking,Andante + Leite + Fiambre + Bolachas,✅,
,14/03/2024,"€16,40","€0,00",Dining Out,💰 Checking,Taberna Londrina - Despedida Pedro,✅,
,15/03/2024,"€4,00","€0,00",Fun Money,💳 Revolut,IQADA Velha,✅,
,15/03/2024,"€5,00","€0,00",Fun Money,💳 Revolut,Brownies,✅,
,15/03/2024,"€1,05","€0,00",Auto Maintenance,💰 Checking,Pão,✅,
,15/03/2024,"€3,00","€0,00",Gasoline,💰 Checking,Portagens,✅,
,16/03/2024,"€22,98","€0,00",Auto Maintenance,💰 Checking,Grade + Águas c/ gás,✅,
,16/03/2024,"€2,00","€0,00",Fun Money,💰 Checking,Fino Dokk,✅,
,17/03/2024,"€8,52","€3,55",Auto Maintenance,💰 Checking,Coutada velha - peito de frango,✅,
,17/03/2024,"€8,00","€0,00",Auto Maintenance,💰 Checking,Barras Prozis,✅,
,17/03/2024,"€4,00","€0,00",Fun Money,💰 Checking,IQADA Velha,✅,
,18/03/2024,"€21,05","€0,00",Dining Out,💰 Checking,Wok Porto,✅,
,19/03/2024,"€4,50","€0,00",Fun Money,💰 Checking,Maço ao Tiago,✅,
,20/03/2024,"€4,00","€0,00",Fun Money,💳 Revolut,IQADA Velha,✅,
,20/03/2024,"€4,29","€0,00",Auto Maintenance,💰 Checking,Pasta dos dentes,✅,
,21/03/2024,"€111,78","€0,00",Vacations,💰 Checking,Voo Bélgica Setembro,✅,
,22/03/2024,"€12,55","€50,00",Fun Money,💰 Checking,Pastéis piquenique Porto + IQADA Velha + prenda Silvinha,✅,
,22/03/2024,"€103,00","€0,00",Dining Out,💰 Checking,Jantar Anos Forneria,✅,
,22/03/2024,"€6,00","€0,00",Gasoline,💰 Checking,Portagens,✅,
,23/03/2024,"€18,00","€0,00",G,💰 Checking,Curadex,✅,
,23/03/2024,"€14,82","€6,00",Fun Money,💰 Checking,Praça c/ Leite + Curado + Reembolsos do Prod + Maria Bar c Curado e Reis + IQADA Velha + Talhas Prod,✅,
,24/03/2024,"€5,65","€0,00",Auto Maintenance,💰 Checking,Pão + Águas c gás + Fiambre,✅,
,24/03/2024,"€46,85","€0,00",Fun Money,💳 Revolut,Real World Subscription,✅,
,25/03/2024,"€4,00","€0,00",Fun Money,💳 Revolut,IQADA Velha,✅,
,25/03/2024,"€35,00","€0,00",Gasoline,💰 Checking,Gasóleo,✅,
,26/03/2024,"€0,00","€1 703,80",↕️ Account Transfer,💰 Checking,Vencimento,✅,
,26/03/2024,"€1 000,00","€0,00",↕️ Account Transfer,💰 Checking,BCP -> Revo,✅,
,26/03/2024,"€0,00","€1 000,00",↕️ Account Transfer,💳 Revolut,BCP -> Revo,✅,
,26/03/2024,"€320,00","€0,00",House Rent,💰 Checking,Renda,✅,
,26/03/2024,"€10,55","€0,00",Dining Out,💰 Checking,Churrasco c/ Pedro e Gonçalo,✅,
,26/03/2024,"€0,87","€0,00",Auto Maintenance,💰 Checking,Pão,✅,
,27/03/2024,"€12,00","€0,00",Cell Phone Bill,💰 Checking,Carregamento Móvel,✅,
,27/03/2024,"€4,00","€0,00",Fun Money,💳 Revolut,IQADA Velha,✅,
,28/03/2024,"€6,80","€0,00",Dining Out,💰 Checking,Almoço Jan,✅,
,28/03/2024,"€34,00","€0,00",Fun Money,💰 Checking,Bolo CES Daniel,✅,
,28/03/2024,"€1,85","€0,00",G,💳 Revolut,Talhas Sofia,✅,
,29/03/2024,"€7,82","€0,00",Fun Money,💰 Checking,Pagamento Parque D Joao I + Jantar Brocas/Sofia/Miguel,✅,
,29/03/2024,"€9,10","€0,00",Dining Out,💰 Checking,Almoço Mãe Ábaco,✅,
,29/03/2024,"€5,82","€0,00",Fun Money,💳 Revolut,Talhas + IQADA Velha,✅,
,30/03/2024,"€3,17","€0,00",Fun Money,💰 Checking,Dillaz Feira de Março,✅,
,31/03/2024,"€4,00","€0,00",Fun Money,💳 Revolut,IQADA Velha,✅,
,01/04/2024,"€3,30","€0,00",Gasoline,💰 Checking,Portagens,✅,
,02/04/2024,"€4,00","€0,00",Fun Money,💳 Revolut,IQADA Velha,✅,
,03/04/2024,,,,,,,
,04/04/2024,"€1,04","€0,00",Auto Maintenance,💰 Checking,Imposto de Selo,✅,
,04/04/2024,"€10,00","€0,00",Auto Maintenance,💰 Checking,Barbeiro,✅,
,04/04/2024,"€20,05","€0,00",Dining Out,💳 Revolut,Offline André Gaia,✅,
,04/04/2024,"€1,50","€0,00",Gasoline,💰 Checking,Portagens,✅,
,05/04/2024,"€7,49","€0,00",ChatGPT,💳 Revolut,GPT,✅,
,05/04/2024,"€4,00","€0,00",Fun Money,💳 Revolut,IQADA Velha,✅,
,06/04/2024,"€65,00","€0,00",Auto Maintenance,💳 Revolut,Passaporte,✅,
,07/04/2024,"€44,10","€0,00",Gasoline,💰 Checking,Gasóleo,✅,
,07/04/2024,"€1,70","€0,00",Auto Maintenance,💰 Checking,Fiambre,✅,
,07/04/2024,"€1,00","€0,00",Fun Money,💰 Checking,Café,✅,
,07/04/2024,"€11,50","€0,00",Fun Money,💳 Revolut,XLR,✅,
,08/04/2024,"€4,00","€0,00",Fun Money,💳 Revolut,IQADAD Velha,✅,
,08/04/2024,"€1,10","€0,00",Auto Maintenance,💰 Checking,Pão,✅,
,08/04/2024,"€1,50","€0,00",Gasoline,💰 Checking,Portagens,✅,
,09/04/2024,"€1,00","€0,00",Fun Money,💰 Checking,Alunos ISEP,✅,
,10/04/2024,"€4,00","€0,00",Fun Money,💳 Revolut,IQADA Velha,✅,
,10/04/2024,"€6,66","€0,00",Auto Maintenance,💰 Checking,Esparguete + queijo,✅,
,11/04/2024,"€12,00","€0,00",Dining Out,💰 Checking,Jantar Catan -> churrasqueira do amial,✅,
,12/04/2024,"€23,00","€0,00",Auto Maintenance,💰 Checking,Minoxidil,✅,
,12/04/2024,"€5,75","€0,00",Fun Money,💰 Checking,Lon3r e fino,✅,
,12/04/2024,"€12,50","€0,00",Fun Money,💳 Revolut,Ronda de finos + iqada velha,✅,
,13/04/2024,"€7,00","€0,00",Fun Money,💳 Revolut,Dokk,✅,
,13/04/2024,"€3,07","€0,00",Auto Maintenance,💰 Checking,Mercadona,✅,
,14/04/2024,"€4,00","€0,00",Fun Money,💳 Revolut,IQADA Velha,✅,
,15/04/2024,"€5,93","€0,00",Auto Maintenance,💰 Checking,Recargas desumidificador,✅,
,16/04/2024,"€3,00","€0,00",Gasoline,💰 Checking,Portagens,✅,
,16/04/2024,"€14,00","€0,00",Auto Maintenance,💰 Checking,Metro,✅,
,17/04/2024,"€27,00","€0,00",G,💰 Checking,G - uber weeds,✅,
,17/04/2024,"€4,00","€0,00",Fun Money,💳 Revolut,IQADA Velha,✅,
,17/04/2024,"€2,00","€0,00",Auto Maintenance,💰 Checking,Pão com Chouriço,✅,
,17/04/2024,"€9,00","€0,00",Fun Money,💳 Revolut,Padel,✅,
,18/04/2024,"€3,70","€0,00",Fun Money,💰 Checking,Nata + Fino Ritual + Bilhar,✅,
,18/04/2024,"€20,30","€0,00",Dining Out,💰 Checking,Requinte malta Mabor + Água + Fino,✅,
,18/04/2024,"€11,50","€0,00",Cell Phone Bill,💰 Checking,Carregamento Móvel,✅,
,19/04/2024,"€11,38","€0,00",Auto Maintenance,💰 Checking,Compras Minipreço,✅,
,19/04/2024,"€4,00","€0,00",Fun Money,💳 Revolut,IQADA Velha,✅,
,19/04/2024,"€6,50","€0,00",Fun Money,💰 Checking,Hybrid Theory,✅,
,20/04/2024,"€1,60","€0,00",Fun Money,💰 Checking,Fino praça,✅,
,21/04/2024,"€37,67","€0,00",Gasoline,💰 Checking,Gasosa,✅,
,21/04/2024,"€9,54","€0,00",Auto Maintenance,💰 Checking,Salmão fumado + tomates + fiambre Mercadona + Gel meia maratona,✅,
,21/04/2024,"€4,00","€0,00",Fun Money,💳 Revolut,IQADA Velha,✅,
,21/04/2024,"€17,00","€0,00",Fun Money,💰 Checking,Escape Room,✅,
,22/04/2024,"€5,00","€0,00",Fun Money,💰 Checking,Carrinhos de choque c/ mãe,✅,
,22/04/2024,"€3,00","€0,00",Gasoline,💰 Checking,Portagens,✅,
,23/04/2024,"€46,96","€0,00",Fun Money,💳 Revolut,TRW subscription,✅,
,23/04/2024,"€17,00","€0,00",Dining Out,💳 Revolut,Cocktails base,✅,
,24/04/2024,"€8,00","€0,00",Dining Out,💰 Checking,Almoço Montaditos,✅,
,24/04/2024,"€4,50","€0,00",Fun Money,💰 Checking,IQOS Pêssego,✅,
,24/04/2024,"€23,28","€0,00",Fun Money,💳 Revolut,IQADA + Finos + Uber,✅,
,25/04/2024,"€0,00","€2 892,36",↕️ Account Transfer,💰 Checking,Vencimento + Bónus + Sub. Refeição,✅,
,25/04/2024,"€7,58","€0,00",ChatGPT,💳 Revolut,ChatGPT,✅,
,25/04/2024,"€2 218,75","€0,00",↕️ Account Transfer,💰 Checking,BCP -> Revolut,✅,
,25/04/2024,"€0,00","€2 218,75",↕️ Account Transfer,💳 Revolut,BCP -> Revolut,✅,
,25/04/2024,"€26,00","€0,00",Auto Maintenance,💰 Checking,Café Gonçalo,✅,
,25/04/2024,"€320,00","€0,00",House Rent,💰 Checking,Renda,✅,
,26/04/2024,"€0,00","€0,00",,💰 Checking,,✅,
,27/04/2024,"€0,00","€0,00",,💰 Checking,,✅,
,28/04/2024,"€7,60","€0,00",Fun Money,💳 Revolut,IQADA Velha + finos fonte nova,✅,
,28/04/2024,"€2,92","€0,00",Auto Maintenance,💰 Checking,Águas c/ gás,✅,
,29/04/2024,"€9,45","€0,00",Dining Out,💰 Checking,Ramona,✅,
,30/04/2024,"€50,90","€0,00",Fun Money,💰 Checking,Enterro Richie + Fotos Meia Maratona,✅,
,30/04/2024,"€4,99","€0,00",Fun Money,💳 Revolut,IQADA + Halls,✅,
,01/05/2024,,,,,,,
,02/05/2024,"€2 500,00","€0,00",Available to budget,💳 Revolut,Certificados de Aforro serie F,✅,
,02/05/2024,"€300,00","€0,00",Crypto,💳 Revolut,Cripto,✅,
,02/05/2024,"€4,00","€0,00",Fun Money,💳 Revolut,IQADA velha,✅,
,02/05/2024,"€47,33","€0,00",Vacations,💳 Revolut,Alojamento Superbock,✅,
,03/05/2024,"€3,15","€0,00",Gasoline,💰 Checking,Portagens,✅,
,03/05/2024,"€6,50","€0,00",Fun Money,💳 Revolut,Finos M Ou Co,✅,
,03/05/2024,"€3,60","€0,00",Fun Money,💰 Checking,Finos Aveiro,✅,
,04/05/2024,"€42,00","€0,00",Dining Out,💰 Checking,Jantar Cais do Pescado,✅,
,04/05/2024,"€4,00","€0,00",Fun Money,💰 Checking,IQADA Velha,✅,
,04/05/2024,"€4,32","€0,00",Auto Maintenance,💰 Checking,Compras Mercadona,✅,
,04/05/2024,"€5,60","€0,00",↕️ Account Transfer,💳 Revolut,revolut -> BCP,✅,
,04/05/2024,"€0,00","€5,60",↕️ Account Transfer,💰 Checking,revolut -> BCP,✅,
,06/05/2024,"€20,04","€0,00",Gasoline,💰 Checking,Gasóleo,✅,
,06/05/2024,"€1,78","€0,00",Auto Maintenance,💰 Checking,Continente,✅,
,07/05/2024,"€1,04","€0,00",Auto Maintenance,💰 Checking,Manutenção de conta,✅,
,07/05/2024,"€5,85","€0,00",Fun Money,💳 Revolut,IQADA Velha + Nuggets,✅,
,07/05/2024,"€2,40","€0,00",Gasoline,💰 Checking,Portagens,✅,
,07/05/2024,"€2,60","€1,00",Fun Money,💰 Checking,Finos Ritual + reembolso tabaco Pedrito,✅,
,08/05/2024,"€9,50","€0,00",Dining Out,💰 Checking,Almoço R6ku,✅,
,08/05/2024,"€14,00","€0,00",Auto Maintenance,💰 Checking,Viagens Andante,✅,
,08/05/2024,"€20,50","€0,00",Dining Out,💰 Checking,Jantar Capa Negra ii c/ Daniel,✅,
,09/05/2024,"€5,00","€0,00",Fun Money,💳 Revolut,Baixa c/ André,✅,
,10/05/2024,"€4,00","€0,00",Fun Money,💳 Revolut,IQADA Velha,✅,
,10/05/2024,"€10,47","€0,00",G,💳 Revolut,Tabaco + talhas,✅,
,11/05/2024,,,,,,,
,12/05/2024,"€4,99","€0,00",↕️ Account Transfer,💳 Revolut,Transf Revo -> BCP,✅,
,12/05/2024,"€0,00","€4,99",↕️ Account Transfer,💰 Checking,Transf Revo -> BCP,✅,
,13/05/2024,"€4,00","€0,00",Fun Money,💳 Revolut,IQADA Velha,✅,
,14/05/2024,"€3,50","€0,00",Fun Money,💳 Revolut,Cinema Challengers,✅,
,15/05/2024,"€11,50","€0,00",Cell Phone Bill,💰 Checking,Carregamento Móvel,✅,
,15/05/2024,"€28,00","€0,00",G,💳 Revolut,G,✅,
,15/05/2024,"€18,33","€0,00",Auto Maintenance,💰 Checking,Compras Jantar Pré Padel,✅,
,15/05/2024,"€3,20","€0,00",Gasoline,💰 Checking,Portagens,✅,
,16/05/2024,"€10,50","€0,00",Dining Out,💰 Checking,Jantar Tasquinha do Caco,✅,
,16/05/2024,"€1,30","€0,00",Fun Money,💳 Revolut,Fino RItual,✅,
,17/05/2024,,,,,,✅,
,18/05/2024,"€46,71","€0,00",Gasoline,💰 Checking,Gasóleo,✅,
,18/05/2024,"€0,45","€0,00",Auto Maintenance,💰 Checking,Compras Continente,✅,
,18/05/2024,"€4,00","€0,00",Dining Out,💰 Checking,mc after kura,✅,
,18/05/2024,"€8,53","€0,00",Fun Money,💳 Revolut,IQADA + Litrosas,✅,
,19/05/2024,"€5,40","€0,00",Fun Money,💳 Revolut,Setbar c/ Teles,✅,
,21/05/2024,"€5,50","€0,00",Fun Money,💰 Checking,Sr Matosinhos,✅,
,22/05/2024,"€2,40","€0,00",Gasoline,💰 Checking,Portagens,✅,
,23/05/2024,"€46,19","€0,00",Auto Maintenance,💳 Revolut,The Real World Subscription,✅,
,23/05/2024,"€4,00","€0,00",Fun Money,💳 Revolut,IQADA Velha,✅,
,23/05/2024,"€2,60","€0,00",Fun Money,💰 Checking,Lanche Ritual,✅,
,23/05/2024,"€23,01","€0,00",Dining Out,💰 Checking,Sr Matosinhos,✅,
,24/05/2024,"€4,50","€0,00",Auto Maintenance,💳 Revolut,Lavagem bote,✅,
,24/05/2024,"€1,38","€0,00",Auto Maintenance,💰 Checking,Pão,✅,
,25/05/2024,"€17,00","€0,00",Fun Money,💳 Revolut,Noite Vox + Café c/ mãe,✅,
,26/05/2024,,,,,,✅,
,27/05/2024,,,,,,✅,
,28/05/2024,"€0,00","€1 704,80",↕️ Account Transfer,💰 Checking,Vencimento,✅,
,28/05/2024,"€1 046,77","€0,00",↕️ Account Transfer,💰 Checking,BCP -> Revo,✅,
,28/05/2024,"€0,00","€1 046,77",↕️ Account Transfer,💳 Revolut,BCP -> Revo,✅,
,28/05/2024,"€320,00","€0,00",House Rent,💰 Checking,Renda,✅,
,28/05/2024,"€42,00","€0,00",G,💰 Checking,G da Lisa,✅,
,28/05/2024,"€21,30","€0,00",Dining Out,💰 Checking,Jantar c/ Teles/André - Lado B,✅,
,28/05/2024,"€4,00","€0,00",Fun Money,💳 Revolut,IQADA Velha,✅,
,28/05/2024,"€10,00","€0,00",Auto Maintenance,💰 Checking,Barbeiro,✅,
,29/05/2024,"€31,72","€0,00",Dining Out,💰 Checking,Despedida Sérgio + shisha,✅,
,29/05/2024,"€10,00","€0,00",↕️ Account Transfer,💳 Revolut,Levantamento 10 paus revo,✅,
,29/05/2024,"€0,00","€10,00",↕️ Account Transfer,💰 Checking,Levantamento 10 paus revo,✅,
,29/05/2024,"€1,85","€0,00",↕️ Account Transfer,💳 Revolut,Talhas Don Gula,✅,
,29/05/2024,"€0,00","€1,85",↕️ Account Transfer,💰 Checking,Talhas Don Gula,✅,
,30/05/2024,"€4,00","€0,00",Fun Money,💳 Revolut,IQADA Velha,✅,
,31/05/2024,"€3,70","€0,00",Fun Money,💰 Checking,Pão + maionese + Pão/Águas c gás,✅,
,01/06/2024,"€13,00","€0,00",Auto Maintenance,💰 Checking,Café gonçalo,✅,
,01/06/2024,"€2,80","€0,00",Fun Money,💰 Checking,Finadas Praça,✅,
,01/06/2024,"€10,60","€0,00",Fun Money,💳 Revolut,Empalhada + Café + IQADA Velha,✅,
,02/06/2024,"€7,46","€0,00",ChatGPT,💳 Revolut,GPT,✅,
,02/06/2024,"€39,95","€0,00",Fun Money,💰 Checking,Prenda Mãe,✅,
,03/06/2024,,,,,,✅,
,03/06/2024,"€15,98","€0,00",Fun Money,💰 Checking,Flixbus,✅,
,04/06/2024,"€3,00","€0,00",Gasoline,💰 Checking,Portagens,✅,
,05/06/2024,"€1,70","€0,00",Fun Money,💰 Checking,Café Ritual c/ Rodas,✅,
,06/06/2024,"€0,00","€1 397,66",↕️ Account Transfer,💰 Checking,Reembolso IRS,✅,
,06/06/2024,"€1,04","€0,00",Auto Maintenance,💰 Checking,Imposto Selo,✅,
,06/06/2024,"€1 400,00","€0,00",↕️ Account Transfer,💰 Checking,BCP -> Revo,✅,
,06/06/2024,"€0,00","€1 400,00",↕️ Account Transfer,💳 Revolut,BCP -> Revo,✅,
,06/06/2024,"€6,00","€0,00",Fun Money,💰 Checking,Tosta + finos Ritual,✅,
,07/06/2024,"€3,00","€0,00",Gasoline,💰 Checking,Portagens,✅,
,07/06/2024,"€1,05","€0,00",Auto Maintenance,💰 Checking,Pão Minipreço,✅,
,07/06/2024,"€10,00","€0,00",Fun Money,💰 Checking,Prenda Kiki,✅,
,07/06/2024,"€14,80","€0,00",Auto Maintenance,💰 Checking,Lavandaria Casaco Sacoor,✅,
,08/06/2024,"€4,50","€0,00",Fun Money,💳 Revolut,IQADA Velha,✅,
,08/06/2024,"€48,02","€0,00",Gasoline,💰 Checking,"Gasóleo 1,479",✅,
,08/06/2024,"€3,50","€0,00",Fun Money,💰 Checking,Finos Praça c/ prod,✅,
,09/06/2024,"€12,67","€0,00",Dining Out,💰 Checking,Paragem de serviço + almoço lisa,✅,
,09/06/2024,"€10,00","€0,00",Fun Money,💰 Checking,Santos Lisa,✅,
,09/06/2024,"€10,67","€0,00",G,💰 Checking,"Gasóleo 1,479",✅,
,09/06/2024,"€4,08","€0,00",Fun Money,💳 Revolut,Uber Rossio -> Graça,✅,
,10/06/2024,"€1,50","€0,00",Gasoline,💰 Checking,Portagens,✅,
,10/06/2024,"€3,95","€0,00",Fun Money,💳 Revolut,Pastel de Nata + café,✅,
,11/06/2024,"€4,50","€0,00",Fun Money,💳 Revolut,IQADA Velha,✅,
,12/06/2024,"€11,50","€0,00",Cell Phone Bill,💰 Checking,Carregamento móvel,✅,
,12/06/2024,"€7,40","€0,00",Dining Out,💳 Revolut,Pré jantar Jardim do Morro,✅,
,12/06/2024,"€6,55","€0,00",Dining Out,💰 Checking,Pizzas casa André,✅,
,13/06/2024,"€12,00","€0,00",Fun Money,💳 Revolut,Padel + IQADA Velha,✅,
,14/06/2024,"€11,13","€0,00",Auto Maintenance,💰 Checking,Compras Continente + Teste de COVID,✅,
,14/06/2024,"€15,91","€0,00",Auto Maintenance,💳 Revolut,Compras Minipreço + recargas escova dentes,✅,
,16/06/2024,"€1,84","€0,00",Auto Maintenance,💰 Checking,Lanche Lidl,✅,
,17/06/2024,"€250,00","€0,00",Crypto,💳 Revolut,Transferência Binance,✅,
,17/06/2024,"€10,00","€0,00",Auto Maintenance,💰 Checking,Arranjo calçado,✅,
,17/06/2024,"€4,50","€0,00",Fun Money,💳 Revolut,IQADA Velha,✅,
,18/06/2024,"€3,00","€0,00",Gasoline,💰 Checking,Portagens,✅,
,19/06/2024,,,,,,,
,20/06/2024,"€6,15","€0,00",Fun Money,💳 Revolut,IQADA Velha + talhas,✅,
,21/06/2024,"€3,00","€0,00",Fun Money,,,,
,22/06/2024,"€4,50","€0,00",Fun Money,💳 Revolut,IQADA Velha,✅,
,22/06/2024,,,,,,,
,23/06/2024,,,,,,,
,24/06/2024,"€20,20","€0,00",Fun Money,💰 Checking,São João '24,✅,
,24/06/2024,"€20,20","€0,00",Dining Out,💳 Revolut,Almoço c Gonçalo S. Joao,✅,
,24/06/2024,"€2,30","€0,00",Fun Money,💰 Checking,Café Praia da Luz,✅,
,24/06/2024,"€46,72","€0,00",Auto Maintenance,💳 Revolut,The Real World,✅,
,24/06/2024,"€11,30","€0,00",Auto Maintenance,💳 Revolut,Compras Continente,✅,
,24/06/2024,"€4,50","€0,00",Fun Money,💳 Revolut,IQADA Velha,✅,
,25/06/2024,"€3,00","€0,00",Gasoline,💰 Checking,Portagens,✅,
,25/06/2024,"€18,00","€0,00",Fun Money,💳 Revolut,IQADA Velha,✅,
,26/06/2024,"€0,00","€3 199,20",↕️ Account Transfer,💰 Checking,Vencimento + Subsídio,✅,
,26/06/2024,"€2 400,00","€0,00",↕️ Account Transfer,💰 Checking,BCP -> Revo,✅,
,26/06/2024,"€0,00","€2 400,00",↕️ Account Transfer,💳 Revolut,BCP -> Revo,✅,
,26/06/2024,"€320,00","€0,00",House Rent,💰 Checking,Renda,✅,
,26/06/2024,"€8,50","€0,00",Dining Out,💰 Checking,Lancheira jogo pt vs georgia,✅,
,26/06/2024,"€4,00","€0,00",Dining Out,💳 Revolut,Finada pt vs georgia,✅,
,27/06/2024,"€15,40","€0,00",Auto Maintenance,💳 Revolut,Viagens Metro,✅,
,27/06/2024,"€4,00","€0,00",Fun Money,💰 Checking,Convívio CES,✅,
,27/06/2024,"€10,00","€0,00",Dining Out,💰 Checking,Almoço CES,✅,
,28/06/2024,"€4,10","€0,00",Fun Money,💰 Checking,Lembraça jantar Titi Sobrado,✅,
,28/06/2024,"€9,00","€0,00",Fun Money,💳 Revolut,IQADA Velha,✅,
,28/06/2024,"€80,48","€0,00",Clothing,💳 Revolut,Tilhas Adidas,✅,
,28/06/2024,"€2,00","€0,00",Clothing,💰 Checking,Arranjo Camisa,✅,
,29/06/2024,"€5,00","€0,00",Fun Money,💳 Revolut,Finos Jogo Itália x Suíça,✅,
,30/06/2024,"€8,40","€0,00",Dining Out,💳 Revolut,Jantar Evil Alive - Vasco da Gama,✅,
,30/06/2024,"€5,90","€0,00",Fun Money,💳 Revolut,Café + Nata Leiria - Evil Alive,✅,
,30/06/2024,"€7,00","€0,00",Fun Money,💰 Checking,Finada Meo Arena,✅,
,01/07/2024,"€6,00","€0,00",Fun Money,💳 Revolut,Finada Morro,✅,
,01/07/2024,"€1,40","€0,00",Auto Maintenance,💳 Revolut,Andante,✅,
,01/07/2024,"€59,21","€0,00",Gasoline,💰 Checking,"Gasóleo + 4,3 de portagens",✅,
,01/07/2024,"€3,40","€0,00",Auto Maintenance,💰 Checking,Novo andante + viagens,✅,
,02/07/2024,"€30,00","€0,00",Fun Money,💳 Revolut,Despesas Evil Alive,✅,
,02/07/2024,"€49,33","€0,00",Vacations,💰 Checking,Casa Meco,✅,
,03/07/2024,"€53,00","€0,00",G,💳 Revolut,G Uber W,✅,
,04/07/2024,"€1 150,00","€0,00",Crypto,💳 Revolut,crypto,✅,
,04/07/2024,"€39,00","€0,00",Gym Membership,💰 Checking,Ginásio,✅,
,05/07/2024,"€2,40","€0,00",Gasoline,💰 Checking,Portagens,✅,
,05/07/2024,"€4,97","€0,00",Auto Maintenance,💰 Checking,Compras Minipreço - pão + gel de banho,✅,
,05/07/2024,"€414,14","€0,00",Car,💳 Revolut,Revisão carro,✅,
,06/07/2024,"€14,53","€0,00",Dining Out,💰 Checking,Jantar Solar das Estátuas,✅,
,06/07/2024,"€9,00","€0,00",Fun Money,💰 Checking,Gin Praça,✅,
,07/07/2024,"€4,98","€0,00",Vacations,💰 Checking,Flix Porto -> Lisa,✅,
,07/07/2024,"€2,60","€0,00",Fun Money,💰 Checking,Águas c/ gás + café BP,✅,
,07/07/2024,"€45,00","€0,00",Fun Money,💳 Revolut,Volume IQADA,✅,
,07/07/2024,"€2,29","€0,00",Auto Maintenance,💰 Checking,Fiambre + águas c/ gás,✅,
,08/07/2024,"€2,57","€0,00",Auto Maintenance,💰 Checking,Compras Continente,✅,
,09/07/2024,"€1,50","€0,00",Gasoline,💰 Checking,Portagens,✅,
,10/07/2024,"€3,50","€0,00",Fun Money,💰 Checking,Cafés + 3 húngaros,✅,
,10/07/2024,"€11,50","€0,00",Cell Phone Bill,💰 Checking,Carregamento telemóvel,✅,
,11/07/2024,"€1,00","€0,00",Auto Maintenance,💰 Checking,Pão minipreço,✅,
,11/07/2024,"€3,00","€0,00",Fun Money,💰 Checking,Futebol Bougado,✅,
,12/07/2024,"€14,00","€0,00",Dining Out,💰 Checking,Almoço Churrascaria CES,✅,
,13/07/2024,"€15,80","€0,00",Auto Maintenance,💰 Checking,Tape Decathlon,✅,
,13/07/2024,"€222,11","€0,00",Clothing,💳 Revolut,Roupa Tiffosi + Tilhas corrida Nike,✅,
,13/07/2024,"€0,00","€10,00",Fun Money,💰 Checking,10 paus no chão durante corrida,✅,
,14/07/2024,"€7,00","€0,00",Dining Out,💰 Checking,Porco no espeto - euro,✅,
,14/07/2024,"€45,00","€0,00",Fun Money,💳 Revolut,Volume IQADA,✅,
,14/07/2024,"€10,00","€24,50",Fun Money,💰 Checking,Aposta Espanha x Inglaterra - Euro,✅,
,15/07/2024,"€25,00","€0,00",Clothing,💰 Checking,Sweat Levi's VlC,✅,
,15/07/2024,"€45,96","€0,00",Gasoline,💰 Checking,Portagens + gasóleo,✅,
,15/07/2024,"€2,90","€0,00",Auto Maintenance,💰 Checking,Fiambre + bolo do caco Mercadona,✅,
,15/07/2024,"€9,50","€0,00",G,💳 Revolut,Amber Leaf,✅,
,16/07/2024,"€26,16","€0,00",Fun Money,💰 Checking,Bolt Market,✅,
,16/07/2024,"€4,45","€0,00",Auto Maintenance,💰 Checking,Bolachas milho + pasta/escova dentes,✅,
,17/07/2024,"€13,99","€0,00",Spotify,💳 Revolut,Spotify,✅,
,17/07/2024,"€7,57","€0,00",ChatGPT,💳 Revolut,GPT,✅,
,17/07/2024,"€5,15","€0,00",Dining Out,💰 Checking,Café + 2 pães com fiambre,✅,
,17/07/2024,"€2,90","€0,00",Vacations,💰 Checking,Comboio Benfica,✅,
,18/07/2024,"€8,97","€0,00",Vacations,💰 Checking,Almoço Lisa PingoDoce,✅,
,18/07/2024,"€66,00","€0,00",G,💰 Checking,G Lisa/Setubal,✅,
,18/07/2024,"€6,03","€0,00",Vacations,💳 Revolut,Compras jantar casa do reis Lisa,✅,
,19/07/2024,"€11,60","€0,00",Vacations,💳 Revolut,Ronda de finos e de café,✅,
,19/07/2024,"€17,50","€0,00",Vacations,💳 Revolut,Tasca do Isaías,✅,
,20/07/2024,"€29,65","€0,00",Dining Out,💳 Revolut,Jantar Tasca do João,✅,
,21/07/2024,"€17,39","€0,00",Vacations,💳 Revolut,Compras p/ jantar Risotto + água Prio,✅,
,22/07/2024,"€36,50","€0,00",Vacations,💳 Revolut,Bola de berlim + Zeca Portinho Arrábida + Kebab sbsr + gasosa + almoço aldi + iqada velha,✅,
,22/07/2024,"€6,00","€0,00",Vacations,💰 Checking,IQADA Velha + Talhas,✅,
,22/07/2024,"€5,55","€0,00",Dining Out,💳 Revolut,Sandes mista + compal + café - Regresso Lisa,✅,
,22/07/2024,"€6,98","€0,00",Vacations,💰 Checking,Flix Lisa -> Porto,✅,
,22/07/2024,"€1,45","€0,00",Auto Maintenance,💰 Checking,Pão + água,✅,
,22/07/2024,"€5,60","€0,00",Gasoline,💰 Checking,Portagens,✅,
,23/07/2024,"€46,17","€0,00",Fun Money,💳 Revolut,TRW subscription,✅,
,24/07/2024,,,,,,✅,
,25/07/2024,"€2,75","€0,00",Fun Money,💰 Checking,Café para a malta,✅,
,26/07/2024,,,,,,,
,27/07/2024,"€8,75","€0,00",Auto Maintenance,💰 Checking,Iogurtes c/ prota,✅,
,27/07/2024,"€25,33","€0,00",Dining Out,💳 Revolut,Jantar grandalhão + manu,✅,
,28/07/2024,"€2,93","€0,00",Auto Maintenance,💰 Checking,Compras mercadona,✅,
,29/07/2024,"€0,00","€1 697,20",↕️ Account Transfer,💰 Checking,Vencimento,✅,
,29/07/2024,"€1 000,00","€0,00",↕️ Account Transfer,💰 Checking,BCP -> Revolut,✅,
,29/07/2024,"€0,00","€1 000,00",↕️ Account Transfer,💳 Revolut,BCP -> Revolut,✅,
,29/07/2024,"€320,00","€0,00",House Rent,💰 Checking,Renda,✅,
,29/07/2024,"€5,00","€0,00",Auto Maintenance,💰 Checking,Arranjo relógio,✅,
,29/07/2024,"€15,80","€0,00",Auto Maintenance,💰 Checking,Barbeiro + Compras Mercadona,✅,
,30/07/2024,"€0,00","€1 500,00",↕️ Account Transfer,💳 Revolut,Reembolso propinas,✅,
,30/07/2024,"€0,85","€0,00",Fun Money,💰 Checking,Café ritual,✅,
,30/07/2024,"€11,50","€0,00",Fun Money,💳 Revolut,Deadpool x Wolverine,✅,
,31/07/2024,"€9,00","€0,00",Fun Money,💰 Checking,Empadas de atum Mercadona,✅,
,01/08/2024,,,,,,✅,
,02/08/2024,"€2,27","€0,00",Auto Maintenance,💰 Checking,Pão + águas c/ gás,✅,
,03/08/2024,"€18,45","€0,00",Dining Out,💰 Checking,Churrascaria Vito + caracóis c coelho,✅,
,03/08/2024,"€9,85","€0,00",Fun Money,💳 Revolut,Vox,✅,
,04/08/2024,"€37,21","€0,00",Gasoline,💰 Checking,"Gasóleo 1,499",✅,
,04/08/2024,"€50,00","€0,00",Clothing,💰 Checking,Casaco Massimo,✅,
,05/08/2024,"€15,00","€0,00",Fun Money,💰 Checking,Trianuidade cartão FNAC,✅,
,05/08/2024,"€29,99","€0,00",Gym Membership,💰 Checking,Ginásio,✅,
,05/08/2024,"€459,89","€0,00",Car,💳 Revolut,Seguro Carro,✅,
,06/08/2024,"€1,04","€0,00",Auto Maintenance,💰 Checking,Manutenção de conta,✅,
,07/08/2024,"€1,50","€0,00",Gasoline,💰 Checking,Portagens,✅,
,07/08/2024,"€13,35","€0,00",Dining Out,💰 Checking,Almoço c/ Rodas ábaco,✅,
,07/08/2024,"€11,50","€0,00",Cell Phone Bill,💰 Checking,Carregamento Telemóvel,✅,
,07/08/2024,"€2,39","€0,00",Auto Maintenance,💰 Checking,Esparguete + desperados,✅,
,08/08/2024,"€4,15","€0,00",Fun Money,💰 Checking,Lanche c/ Pedro,✅,
,08/08/2024,"€13,00","€0,00",Fun Money,💳 Revolut,Base,✅,
,08/08/2024,"€15,41","€0,00",Dining Out,💰 Checking,Francesinha lado b,✅,
,09/08/2024,"€2,90","€0,00",Dining Out,💰 Checking,Pequeno Almoço doce alto,✅,
,09/08/2024,"€7,07","€0,00",Auto Maintenance,💰 Checking,Compras minipreço,✅,
,10/08/2024,"€9,98","€0,00",Vacations,💳 Revolut,Uber aeroporto,✅,
,11/08/2024,,,,,,,
,12/08/2024,,,,,,,
,13/08/2024,,,,,,,
,14/08/2024,,,,,,,
,15/08/2024,"€1,50","€0,00",Gasoline,💰 Checking,Portagens,✅,
,16/08/2024,,,,,,,
,17/08/2024,,,,,,,
,18/08/2024,,,,,,,
,19/08/2024,"€7,41","€0,00",ChatGPT,💳 Revolut,GPT,✅,
,20/08/2024,,,,,,,
,21/08/2024,,,,,,,
,22/08/2024,"€0,60","€0,00",Gasoline,💰 Checking,Portagens,✅,
,22/08/2024,"€4,80","€0,00",Fun Money,💳 Revolut,IQADA,✅,
,22/08/2024,"€1,80","€0,00",Fun Money,💰 Checking,Galão no Vasco da Gama,✅,
,23/08/2024,"€1 992,79","€0,00",Vacations,💳 Revolut,"Gastos oficiais com ajuda da mãe || Gastos divididos total = 3123,91€",✅,
,23/08/2024,"€123,68","€0,00",Vacations,💳 Revolut,Gastos meus nos USA (Cappuccinos + cafés + colas + disco),✅,
,23/08/2024,"€44,99","€0,00",Fun Money,💳 Revolut,TRW Subscription,,
,24/08/2024,,,,,,,
,24/08/2024,"€1,80","€0,00",Fun Money,💰 Checking,Fino,✅,
,25/08/2024,"€0,82","€0,00",Auto Maintenance,💰 Checking,Águas c gás,✅,
,26/08/2024,,,,,,✅,
,26/08/2024,"€30,00","€0,00",Fun Money,💰 Checking,Cordas guitarra,✅,
,26/08/2024,"€50,00","€0,00",Auto Maintenance,💳 Revolut,Consulta Ferraz,✅,
,27/08/2024,"€8,00","€0,00",G,💳 Revolut,G,✅,
,28/08/2024,"€0,00","€1 659,40",↕️ Account Transfer,💰 Checking,Vencimento,✅,
,28/08/2024,"€1 052,82","€0,00",↕️ Account Transfer,💰 Checking,BCP -> Revolut,✅,
,28/08/2024,"€0,00","€1 052,82",↕️ Account Transfer,💳 Revolut,BCP -> Revolut,✅,
,28/08/2024,"€320,00","€0,00",House Rent,💰 Checking,Renda,✅,
,28/08/2024,"€12,50","€0,00",Dining Out,💰 Checking,Ábaco,✅,
,28/08/2024,"€10,49","€0,00",G,💳 Revolut,Tabaco + barra prozis,✅,
,29/08/2024,"€17,58","€0,00",Dining Out,💰 Checking,Almoço Churrasqueira do Amial,✅,
,30/08/2024,"€20,35","€0,00",Auto Maintenance,💰 Checking,Pão + Ice Tea + Tomates + Costureira,✅,
,31/08/2024,"€4,80","€0,00",Fun Money,💳 Revolut,IQADA,✅,
,31/08/2024,"€7,49","€0,00",Fun Money,💰 Checking,Desperados p sesh at Andrew's,✅,
,01/09/2024,,,,,,✅,
,02/09/2024,"€35,30","€0,00",Gasoline,💰 Checking,Gasóleo + Portagens,✅,
,02/09/2024,"€29,99","€0,00",Gym Membership,💰 Checking,Ginásio,✅,
,02/09/2024,"€4,80","€0,00",Fun Money,💳 Revolut,IQADA,✅,
,03/09/2024,"€7,74","€0,00",Auto Maintenance,💰 Checking,Atum + Fiambre,✅,
,04/09/2024,"€10,70","€0,00",Cell Phone Bill,💰 Checking,Carregamento Telemóvel,✅,
,05/09/2024,"€1,04","€0,00",Auto Maintenance,💰 Checking,Manutenção de conta,✅,
,05/09/2024,"€32,95","€0,00",Fun Money,💰 Checking,Bolo ginásio + café + Peladinha ribeirão,✅,
,05/09/2024,"€1,50","€0,00",Gasoline,💰 Checking,Portagens,✅,
,05/09/2024,"€4,80","€0,00",Fun Money,💳 Revolut,IQADA,✅,
,06/09/2024,,,,,,✅,
,07/09/2024,"€4,80","€0,00",Fun Money,💳 Revolut,IQADA,✅,
,07/09/2024,"€50,00","€0,00",G,💳 Revolut,Matt Kush,✅,
,08/09/2024,"€3,38","€0,00",Auto Maintenance,💰 Checking,Pão + águas c/ gás,✅,
,09/09/2024,"€0,00","€25,00",Auto Maintenance,💰 Checking,Reembolso Consulta Ferraz,✅,
,09/09/2024,"€4,80","€0,00",Fun Money,💳 Revolut,IQADA,✅,
,09/09/2024,"€1,60","€0,00",G,💳 Revolut,Talhas,✅,
,09/09/2024,"€1,97","€0,00",Auto Maintenance,💰 Checking,Sumo + pão,✅,
,10/09/2024,"€1,50","€0,00",Gasoline,💰 Checking,Portagens,✅,
,10/09/2024,"€30,00","€0,00",Dining Out,💰 Checking,Jantar Armazém do pescado c/ teles,✅,
,11/09/2024,"€12,95","€0,00",Dining Out,💰 Checking,Almoço Ábaco,✅,
,11/09/2024,"€3,47","€0,00",Auto Maintenance,💰 Checking,Pão + Fiambre,✅,
,12/09/2024,"€5,00","€0,00",Dining Out,💰 Checking,Ajuda de custo team building,✅,
,12/09/2024,"€4,80","€0,00",Fun Money,💳 Revolut,IQADA,✅,
,12/09/2024,"€2,14","€0,00",Auto Maintenance,💰 Checking,Pão + iogurte,✅,
,12/09/2024,"€68,72","€0,00",Fun Money,💰 Checking,Bilhetes Maro,✅,
,13/09/2024,"€0,00","€500,00",Vacations,💳 Revolut,500 paus da mãe,✅,
,13/09/2024,"€4,85","€4,80",Fun Money,💰 Checking,café ritual + IQADA + Pedro Ramos IQADa,✅,
,14/09/2024,"€3,00","€0,00",Fun Money,💰 Checking,Café c mãe e Rita,✅,
,15/09/2024,"€45,00","€0,00",Vacations,💳 Revolut,Malas RyanAir,✅,
,15/09/2024,"€36,51","€0,00",Gasoline,💰 Checking,"Gasóleo 1,439",✅,
,16/09/2024,"€14,50","€0,00",Auto Maintenance,💰 Checking,Corte de cabelo,✅,
,16/09/2024,"€4,80","€0,00",Fun Money,💳 Revolut,IQADA velha,✅,
,17/09/2024,"€6,70","€0,00",Gasoline,💰 Checking,Portagens,✅,
,17/09/2024,"€2,10","€0,00",Fun Money,💰 Checking,Nata + café,✅,
,18/09/2024,"€5,95","€0,00",Fun Money,💰 Checking,Cola zero almoço + escova de dentes + foccacia minipreço + croissant ritual,✅,
,19/09/2024,"€10,98","€0,00",Vacations,💳 Revolut,Uber aeroporto,✅,
,19/09/2024,"€14,40","€0,00",Fun Money,💳 Revolut,IQADA Velha,✅,
,20/09/2024,"€14,00","€0,00",Vacations,💳 Revolut,Jolas Granalhão Belgique,✅,
,20/09/2024,"€9,45","€0,00",Vacations,💳 Revolut,Jantar Burger King Belgique,✅,
,21/09/2024,"€7,80","€0,00",Vacations,💳 Revolut,Metro + compras Belgique,✅,
,22/09/2024,"€12,50","€0,00",Vacations,💳 Revolut,Cappuccino viagem Ardennes + metro + metro,✅,
,23/09/2024,"€68,34","€0,00",Vacations,💳 Revolut,Starbucks + compras + partilha de despesas + metro aeroporto,✅,
,23/09/2024,"€2,40","€0,00",Gasoline,💰 Checking,Portagens,✅,
,23/09/2024,"€45,00","€0,00",Fun Money,💰 Checking,The Real World Subscription,✅,
,24/09/2024,"€17,11","€0,00",Auto Maintenance,💰 Checking,Compras minipreço + compras continente,✅,
,24/09/2024,"€4,80","€0,00",Fun Money,💳 Revolut,IQADA Velha,✅,
,24/09/2024,"€13,00","€0,00",Auto Maintenance,💰 Checking,Café Gonçalo,✅,
,25/09/2024,"€2,10","€0,00",Fun Money,💳 Revolut,café + hungaros Ritual,✅,
,25/09/2024,"€18,33","€0,00",Fun Money,💰 Checking,Prenda Reis,✅,
,26/09/2024,"€0,00","€1 980,20",↕️ Account Transfer,💰 Checking,Vencimento,✅,
,26/09/2024,"€1 341,56","€0,00",↕️ Account Transfer,💰 Checking,BCP -> Revo,✅,
,26/09/2024,"€0,00","€1 341,56",↕️ Account Transfer,💳 Revolut,BCP -> Revo,✅,
,26/09/2024,"€4,80","€0,00",Fun Money,💰 Checking,IQADA Velha,✅,
,27/09/2024,"€320,00","€0,00",House Rent,💰 Checking,Renda,✅,
,27/09/2024,"€5,04","€0,00",Auto Maintenance,💰 Checking,Compras minipreço,✅,
,28/09/2024,"€16,50","€0,00",Dining Out,💰 Checking,Sardinhada c/ mãe,✅,
,28/09/2024,"€13,18","€0,00",Fun Money,💰 Checking,Coutada Velha,✅,
,28/09/2024,"€2,40","€0,00",Fun Money,💳 Revolut,Café c/ mãe casablanca vagueira,✅,
,28/09/2024,"€10,00","€0,00",Fun Money,💰 Checking,Corrida São Silvestre,✅,
,29/09/2024,,,,,,✅,
,30/09/2024,"€5,95","€0,00",Auto Maintenance,💰 Checking,Aloquete + pilhas,✅,
,30/09/2024,"€19,96","€0,00",Clothing,💳 Revolut,Roupa de desporto Lefties,✅,
,30/09/2024,"€4,80","€0,00",Fun Money,💳 Revolut,IQADA Velha,✅,
,30/09/2024,"€2,40","€0,00",Fun Money,💰 Checking,Metro p ir ver Maro,✅,
,01/10/2024,"€0,75","€0,00",Fun Money,💰 Checking,Descafeínado Ritual,✅,
,02/10/2024,"€5,80","€0,00",Fun Money,💰 Checking,Descafeinado + IQADA Velha,✅,
,02/10/2024,"€11,80","€0,00",Cell Phone Bill,💰 Checking,Carregamento telemóvel,✅,
,03/10/2024,"€29,99","€0,00",Gym Membership,💰 Checking,Mensalidade ginásio,✅,
,03/10/2024,"€0,90","€0,00",Fun Money,💰 Checking,Descafeínado Ritual,✅,
,04/10/2024,"€1,50","€0,00",Gasoline,💰 Checking,Portagens,✅,
,04/10/2024,"€6,05","€0,00",Fun Money,💳 Revolut,IQADA Velha + Milka barra prod,✅,
,05/10/2024,"€36,00","€0,00",Fun Money,💰 Checking,IQADA Coral Tide,✅,
,05/10/2024,"€36,00","€0,00",G,💳 Revolut,G,✅,
,06/10/2024,"€32,96","€0,00",Gasoline,💰 Checking,"Gasóleo 1,449",✅,
,06/10/2024,"€6,77","€0,00",Auto Maintenance,💰 Checking,Pão + Manteiga de amendoim,✅,
,08/10/2024,"€700,00","€0,00",Fun Money,💳 Revolut,iPad + caneta + teclado,✅,
,08/10/2024,"€1,75","€0,00",Fun Money,💰 Checking,Café + descafeínado com eduardo,✅,
,08/10/2024,"€7,28","€0,00",ChatGPT,💳 Revolut,gpt,✅,
,09/10/2024,,,,,,✅,
,10/10/2024,"€2,80","€0,00",Fun Money,💰 Checking,Lanche de Pizza - casa da Pipas,✅,
,10/10/2024,"€1,45","€0,00",Fun Money,💰 Checking,Fino Armazém,✅,
,10/10/2024,"€24,45","€0,00",Dining Out,💰 Checking,Jantar despedida Vitam-se Amial,✅,
,10/10/2024,"€259,00","€0,00",Crypto,💳 Revolut,Transf Binance,✅,
,11/10/2024,"€9,50","€0,00",Fun Money,💳 Revolut,Ronda Vox,✅,
,12/10/2024,"€14,00","€0,00",G,💰 Checking,G Matt,✅,
,14/10/2024,"€85,78","€0,00",Vacations,💳 Revolut,Viagem a Madrid + flixbus Lisa,✅,
,15/10/2024,"€1,80","€0,00",Fun Money,💳 Revolut,Descafeínado c/ Nour,✅,
,15/10/2024,"€4,50","€0,00",Fun Money,💰 Checking,Cinema Joker,✅,
,15/10/2024,"€4,50","€0,00",Gasoline,💰 Checking,Portagens,✅,
,16/10/2024,"€14,20","€0,00",Dining Out,💰 Checking,Taberna,✅,
,16/10/2024,"€0,90","€0,00",Fun Money,💰 Checking,Descafeínado,✅,
,17/10/2024,"€0,90","€0,00",Fun Money,💰 Checking,Descafeínado,✅,
,17/10/2024,"€2,60","€0,00",Fun Money,💳 Revolut,Croissant c/ fiambre Ritual,✅,
,18/10/2024,"€1,47","€0,00",Auto Maintenance,💰 Checking,Pão Minipreço,✅,
,18/10/2024,"€11,32","€0,00",G,💳 Revolut,Tabaco + talhas,✅,
,19/10/2024,,,,,,,
,20/10/2024,,,,,,,
,21/10/2024,"€25,00","€0,00",Auto Maintenance,💳 Revolut,Consulta Ferraz (Recolha de dados),✅,
,21/10/2024,"€33,70","€0,00",Gasoline,💰 Checking,"Gasóleo 1,459",✅,
,22/10/2024,"€1,50","€0,00",Gasoline,💰 Checking,Portagens,✅,
,23/10/2024,"€0,90","€0,00",Fun Money,💰 Checking,Descafeínado,✅,
,23/10/2024,"€46,64","€0,00",Fun Money,💳 Revolut,TRW,✅,
,23/10/2024,"€3,50","€0,00",Fun Money,💰 Checking,Cinema,✅,
,23/10/2024,"€5,59","€0,00",Auto Maintenance,💰 Checking,Compras Continente,✅,
,24/10/2024,"€3,45","€0,00",Fun Money,💰 Checking,Lanche + descafeínado no ritual,✅,
,25/10/2024,"€4,80","€0,00",Fun Money,💳 Revolut,IQADA Velha,✅,
,26/10/2024,"€5,13","€0,00",Auto Maintenance,💰 Checking,Pão + manteiga de amendoim,✅,
,26/10/2024,"€3,60","€0,00",Fun Money,💳 Revolut,Fino,✅,
,27/10/2024,"€35,00","€0,00",G,💳 Revolut,G,✅,
,27/10/2024,"€23,70","€0,00",Fun Money,💳 Revolut,IQADA Velha + Capa iPhone,✅,
,27/10/2024,"€13,24","€0,00",Fun Money,💰 Checking,Bilhetes Ferro,✅,
,28/10/2024,"€0,00","€2 012,00",↕️ Account Transfer,💰 Checking,Vencimento c/ ajuste tabelas IRS,✅,
,28/10/2024,"€1 360,61","€0,00",↕️ Account Transfer,💰 Checking,Trans BCP -> Revo,✅,
,28/10/2024,"€0,00","€1 360,61",↕️ Account Transfer,💳 Revolut,Trans BCP -> Revo,✅,
,29/10/2024,"€320,00","€0,00",House Rent,💰 Checking,Renda,✅,
,29/10/2024,"€0,90","€0,00",Fun Money,💰 Checking,Descafeínado Ritual,✅,
,30/10/2024,"€7,30","€0,00",Fun Money,💳 Revolut,IQADA velha + Fino ferro,✅,
,30/10/2024,"€11,80","€0,00",Cell Phone Bill,💰 Checking,Carregamento móvel,✅,
,30/10/2024,"€1,75","€0,00",Fun Money,💰 Checking,Café + descafeínado,✅,
,31/10/2024,"€4,80","€0,00",Fun Money,💳 Revolut,IQADA velha,✅,
,01/11/2024,"€6,00","€0,00",Gasoline,💰 Checking,Portagens,✅,
,01/11/2024,"€4,92","€0,00",Auto Maintenance,💰 Checking,Leite,✅,
,02/11/2024,"€4,80","€0,00",Fun Money,💳 Revolut,IQADA velha,✅,
,03/11/2024,"€7,52","€0,00",Auto Maintenance,💰 Checking,Compras casa,✅,
,04/11/2024,"€29,99","€0,00",Gym Membership,💰 Checking,Ginásio,✅,
,04/11/2024,"€14,50","€0,00",Auto Maintenance,💰 Checking,Barbeiro,✅,
,04/11/2024,"€16,05","€0,00",Gasoline,💰 Checking,Gasóleo carro mãe,✅,
,05/11/2024,"€5,70","€0,00",Fun Money,💳 Revolut,Descafeínado + IQADA Velha,✅,
,06/11/2024,"€1,04","€0,00",Auto Maintenance,💰 Checking,Imposto de selo BCP,✅,
,06/11/2024,"€1,70","€0,00",Fun Money,💰 Checking,Lanche Ritual,✅,
,07/11/2024,"€1,50","€0,00",Gasoline,💰 Checking,Portagens,✅,
,08/11/2024,"€4,80","€0,00",Fun Money,💳 Revolut,IQADA velha,✅,
,08/11/2024,"€1,70","€0,00",G,💳 Revolut,Talhas,✅,
,08/11/2024,"€2,96","€0,00",Auto Maintenance,💰 Checking,Pão + Tomates,✅,
,09/11/2024,"€7,80","€0,00",Fun Money,💰 Checking,Bingo Trindade,✅,
,09/11/2024,"€12,50","€0,00",Dining Out,💳 Revolut,Jantar anos sofs,✅,
,10/11/2024,"€48,64","€0,00",Gasoline,💰 Checking,"Gasóleo 1,459",✅,
,10/11/2024,"€1,23","€0,00",Auto Maintenance,💰 Checking,Águas c/ gás,✅,
,11/11/2024,"€18,00","€0,00",Auto Maintenance,💰 Checking,Renovação CC,✅,
,12/11/2024,"€4,75","€0,00",Fun Money,💰 Checking,Café c/ Eduardo e Tony Ritual + pão c/ fiambre,✅,
,13/11/2024,"€4,80","€0,00",Fun Money,💳 Revolut,IQADA velha,✅,
,13/11/2024,"€0,90","€0,00",Fun Money,💰 Checking,Descafeínado,✅,
,13/11/2024,"€40,00","€0,00",G,💳 Revolut,G,✅,
,14/11/2024,"€10,00","€0,00",Dining Out,💰 Checking,Almoço R6ku,✅,
,14/11/2024,"€0,00","€5,00",Fun Money,💰 Checking,Coelho paga viagem,✅,
,14/11/2024,"€4,80","€0,00",Fun Money,💳 Revolut,IQADA Velha,✅,
,15/11/2024,"€37,42","€0,00",Dining Out,💰 Checking,Jantar anos Gonçalo,✅,
,15/11/2024,"€3,00","€0,00",Gasoline,💰 Checking,Portagens,✅,
,15/11/2024,"€9,00","€0,00",Fun Money,💳 Revolut,Erdinger Bonaparte,✅,
,15/11/2024,"€0,00","€4,50",Fun Money,💰 Checking,Erding reembolso Vitor,✅,
,16/11/2024,"€4,80","€0,00",Fun Money,💳 Revolut,IQADA Velha,✅,
,16/11/2024,"€2,91","€0,00",Auto Maintenance,💰 Checking,Pão + tomates,✅,
,17/11/2024,"€4,39","€0,00",Auto Maintenance,💰 Checking,Manteiga de Amendoim,✅,
,18/11/2024,"€23,80","€0,00",Auto Maintenance,💰 Checking,Multivitaminico,✅,
,19/11/2024,"€20,00","€0,00",Vacations,💰 Checking,Mala Madrid,✅,
,19/11/2024,"€26,00","€0,00",Fun Money,💰 Checking,Café Outubro/Novembro,✅,
,19/11/2024,"€6,25","€0,00",Fun Money,💳 Revolut,IQADA velha + Halls,✅,
,20/11/2024,"€27,70","€0,00",Fun Money,💰 Checking,Descafeínado + Plutónio,✅,
,20/11/2024,"€1,70","€0,00",Fun Money,💳 Revolut,Lanche Ritual,✅,
,21/11/2024,"€3,40","€0,00",Vacations,💰 Checking,Comboio Benfica Ida/Volta,✅,
,21/11/2024,"€4,10","€0,00",Vacations,💳 Revolut,Pão misto + galão -> Lisa,✅,
,21/11/2024,"€16,86","€0,00",Vacations,💳 Revolut,Uber + Iqos + Mc Aeroporto,✅,
,22/11/2024,"€13,93","€0,00",Vacations,💳 Revolut,Uber + Carrefour,✅,
,23/11/2024,"€116,92","€0,00",Vacations,💳 Revolut,Uber + peq almoço c/ Costa + Five Guys + Burger King + Shoko + Cabides Shoko + Finaças pre Shoko + Autocarro,✅,
,23/11/2024,"€5,25","€0,00",Vacations,💰 Checking,Reembolso Manu,✅,
,24/11/2024,"€39,31","€0,00",Vacations,💳 Revolut,Dia de regresso + iqada,✅,
,25/11/2024,"€3,50","€0,00",Vacations,💳 Revolut,Iqada reis,✅,
,25/11/2024,"€47,92","€0,00",Fun Money,💳 Revolut,The Real World,✅,
,25/11/2024,"€9,20","€4,45",Vacations,💰 Checking,Peq almoço c/ Reis,✅,
,25/11/2024,"€10,00","€0,00",Fun Money,💰 Checking,Perfume Oriente,✅,
,25/11/2024,"€0,00","€13,30",Crypto,💰 Checking,Saque cripto p compensar o perfume,✅,
,25/11/2024,"€9,94","€0,00",Auto Maintenance,💰 Checking,Compras Continente,✅,
,25/11/2024,"€4,80","€0,00",Fun Money,💳 Revolut,IQADA velha,✅,
,26/11/2024,"€1,75","€0,00",Fun Money,💰 Checking,Café Roddy Rhodes Ritual,✅,
,27/11/2024,"€0,00","€3 259,00",↕️ Account Transfer,💰 Checking,Vencimento c/ subsídio de férias,✅,
,27/11/2024,"€2 500,00","€0,00",↕️ Account Transfer,💰 Checking,BCP -> Revo,✅,
,27/11/2024,"€0,00","€2 500,00",↕️ Account Transfer,💳 Revolut,BCP -> Revo,✅,
,27/11/2024,"€11,80","€0,00",Cell Phone Bill,💰 Checking,Carregamento móvel,✅,
,27/11/2024,"€0,00","€9,00",Gasoline,💰 Checking,Reembolso Brocas e Miguel,✅,
,27/11/2024,"€2,10","€0,00",Fun Money,💰 Checking,Descafeínado + 2 Hungaros,✅,
,27/11/2024,"€4,80","€0,00",Fun Money,💳 Revolut,IQADA Velha,✅,
,28/11/2024,"€2,55","€0,00",Fun Money,💰 Checking,"Café c titi, edu e magui",✅,
,28/11/2024,"€7,14","€0,00",Fun Money,💰 Checking,Prenda Ribau,✅,
,28/11/2024,"€8,50","€0,00",Fun Money,💳 Revolut,Padel + tosta mista,✅,
,28/11/2024,"€320,00","€0,00",House Rent,💰 Checking,Renda,✅,
,29/11/2024,"€4,80","€0,00",Fun Money,💳 Revolut,IQADA Velha,✅,
,29/11/2024,"€15,05","€0,00",ChatGPT,💳 Revolut,Mensalidade Outubro/Novembro,✅,
,29/11/2024,"€4,00","€0,00",Fun Money,💳 Revolut,Finos Reis,✅,
,29/11/2024,"€55,77","€0,00",Fun Money,💳 Revolut,Compras Amazon,✅,
,30/11/2024,"€3,00","€0,00",Fun Money,💰 Checking,Finos Sábado,✅,
,01/12/2024,"€20,60","€0,00",Dining Out,💰 Checking,Almoço Ceboleiros Brocas,✅,
,01/12/2024,"€14,30","€0,00",G,💳 Revolut,IQADA + Amber Leaf,✅,
,01/12/2024,"€4,00","€0,00",Fun Money,💳 Revolut,"Iron Duke c/ tia, mãe e inês",✅,
,02/12/2024,"€47,84","€0,00",Gasoline,💰 Checking,"Portagens + gasosa a 1,509",✅,
,02/12/2024,"€29,99","€0,00",Gym Membership,💰 Checking,Ginásio,✅,
,03/12/2024,"€4,80","€0,00",Fun Money,💳 Revolut,IQADA Velha,✅,
,04/12/2024,"€5,55","€0,00",Fun Money,💰 Checking,Café + Nata c/ Roddy Rhodes + pão misto,✅,
,05/12/2024,"€1,04","€0,00",Auto Maintenance,💰 Checking,Imposto de selo BCP,✅,
,05/12/2024,"€11,50","€0,00",Dining Out,💰 Checking,Almoço equipa EnjoyIt,✅,
,05/12/2024,"€4,80","€0,00",Fun Money,💰 Checking,IQADA Velha,✅,
,05/12/2024,"€3,30","€0,00",Gasoline,💰 Checking,Portagens,✅,
,05/12/2024,"€3,10","€0,00",Fun Money,💰 Checking,Fino + 1/2 tosta,✅,
,06/12/2024,"€5,39","€0,00",Auto Maintenance,💰 Checking,Tomates + Sumo + Pão + ovos,✅,
,07/12/2024,"€26,00","€0,00",Dining Out,💰 Checking,Jantar c/ Curado / André - Offline Gaia,✅,
,07/12/2024,"€18,00","€0,00",Auto Maintenance,💰 Checking,Nova via do CC,✅,
,07/12/2024,"€4,80","€0,00",Fun Money,💳 Revolut,IQADA Velha,✅,
,08/12/2024,"€3,03","€0,00",Auto Maintenance,💰 Checking,Compras Continente p/ mãe,✅,
,08/12/2024,"€35,68","€0,00",Fun Money,💳 Revolut,Prenda Gonçalo,✅,
,08/12/2024,"€10,00","€0,00",G,💳 Revolut,G no Matt,✅,
,09/12/2024,"€1,50","€0,00",Gasoline,💰 Checking,Portagens,✅,
,10/12/2024,"€1,50","€0,00",Fun Money,💰 Checking,Descafeínado + húngaro,✅,
,10/12/2024,"€6,65","€0,00",Fun Money,💳 Revolut,IQADA + Talhas,✅,
,11/12/2024,"€1,50","€0,00",Fun Money,💰 Checking,Descafeínado + húngaro,✅,
,12/12/2024,"€14,45","€0,00",Dining Out,💰 Checking,Almoço city wok,✅,
,12/12/2024,"€6,00","€0,00",Fun Money,💰 Checking,IQADA velha + agua das pedras,✅,
,13/12/2024,"€7,93","€0,00",Auto Maintenance,💰 Checking,Compras minipreço,✅,
,13/12/2024,"€7,25","€0,00",Fun Money,💳 Revolut,Finaça + meia tripa barra c/ prod e grandalhão,✅,
,14/12/2024,"€5,50","€0,00",Fun Money,💳 Revolut,IQADA velha + café,✅,
,14/12/2024,"€6,30","€0,00",Auto Maintenance,💰 Checking,Atum continente,✅,
,15/12/2024,"€2,60","€0,00",Fun Money,💰 Checking,Empalhada c/ prod,✅,
,15/12/2024,"€13,19","€0,00",Auto Maintenance,💳 Revolut,Cabeças oral b,✅,
,15/12/2024,"€40,00","€0,00",G,💳 Revolut,G,✅,
,16/12/2024,"€35,92","€0,00",Gasoline,💰 Checking,Gasóleo + Portagens,✅,
,17/12/2024,"€102,00","€0,00",Fun Money,💳 Revolut,Bilhete Guns n' Roses,✅,
,17/12/2024,"€6,55","€0,00",Fun Money,💰 Checking,Café c/ Ditto - Ritual + iqada velha,✅,
,18/12/2024,"€2,65","€0,00",Fun Money,💰 Checking,Pão misto - ritual,✅,
,18/12/2024,"€2,33","€0,00",Auto Maintenance,💰 Checking,Compras continente,✅,
,19/12/2024,"€11,42","€0,00",Dining Out,💰 Checking,Almoço Churrasqueira Républica,✅,
,19/12/2024,"€209,62","€0,00",Fun Money,💳 Revolut,Garmin Forerunner 255 + iqada velha,✅,
,20/12/2024,"€40,50","€0,00",Fun Money,💰 Checking,Prenda mãe,✅,
,20/12/2024,"€14,00","€0,00",Auto Maintenance,💰 Checking,Viagens metro,✅,
,21/12/2024,"€4,80","€0,00",Fun Money,💳 Revolut,IQADA velha,✅,
,22/12/2024,"€19,15","€0,00",Dining Out,💰 Checking,Jantar Palhuça,✅,
,22/12/2024,"€18,00","€0,00",Fun Money,💰 Checking,Ovos Moles Gonçalo,✅,
,23/12/2024,"€4,80","€0,00",Fun Money,💰 Checking,IQADA velha,✅,
,23/12/2024,"€2,10","€0,00",Fun Money,💳 Revolut,Talhas + água,✅,
,23/12/2024,"€48,34","€0,00",Fun Money,💳 Revolut,TRW Subscription,✅,
,23/12/2024,"€3,00","€0,00",Gasoline,💰 Checking,Portagens,✅,
,24/12/2024,"€1,19","€0,00",Auto Maintenance,💰 Checking,Pão,✅,
,24/12/2024,"€11,50","€0,00",Cell Phone Bill,💰 Checking,Carregamento Móvel,✅,
,24/12/2024,"€0,00","€850,00",↕️ Account Transfer,💳 Revolut,Prenda mãe + tio Mário + tia lena,✅,
,25/12/2024,"€0,00","€37,70",Fun Money,💳 Revolut,Reembolso amazon saco de desporto + Reembolso Capa ipad,✅,
,25/12/2024,"€6,50","€0,00",Fun Money,💰 Checking,Foto mãe - prenda de natal,✅,
,26/12/2024,"€20,98","€0,00",Dining Out,💰 Checking,Jantar Vietnamita Porto,✅,
,26/12/2024,"€9,60","€0,00",Fun Money,💳 Revolut,IQADA Velha,✅,
,26/12/2024,"€0,00","€4,80",Fun Money,💰 Checking,IQADA Velha do reis,✅,
,27/12/2024,"€0,00","€1 693,00",↕️ Account Transfer,💰 Checking,Vencimento,✅,
,27/12/2024,"€707,71","€0,00",↕️ Account Transfer,💰 Checking,Trans BCP -> Revo,✅,
,27/12/2024,"€0,00","€707,71",↕️ Account Transfer,💳 Revolut,Trans BCP -> Revo,✅,
,27/12/2024,"€450,00","€0,00",House Rent,💰 Checking,Renda Janeiro,✅,
,28/12/2024,"€3,00","€0,00",Fun Money,💳 Revolut,Fino c/ Teles,✅,
,28/12/2024,"€16,13","€0,00",Auto Maintenance,💰 Checking,Barbeiro + Compras Continente,✅,
,29/12/2024,"€5,50","€0,00",Fun Money,💳 Revolut,Café + iqada,✅,
,29/12/2024,"€18,00","€0,00",Dining Out,💰 Checking,Taberna Londrina Coimbra,✅,
,29/12/2024,"€1,50","€0,00",Fun Money,💳 Revolut,Finaça ,✅,
,30/12/2024,"€0,00","€48,85",Crypto,💰 Checking,Levantamento Binance,✅,
,30/12/2024,"€5,26","€0,00",Auto Maintenance,💰 Checking,Compras Continente,✅,
,30/12/2024,"€2,00","€0,00",G,💰 Checking,Talhas,✅,
,31/12/2024,"€60,00","€0,00",Auto Maintenance,💰 Checking,Multa excesso de speed,✅,
,01/01/2025,"€138,20","€0,00",Fun Money,💰 Checking,PDA - carro + shotgun + restaurante + domino's + lux + café + paragem bomba + iqada,✅,
,02/01/2025,"€7,31","€0,00",Auto Maintenance,💰 Checking,Café + águas ,✅,
,02/01/2025,"€5,50","€0,00",Auto Maintenance,💳 Revolut,Lavagem do carro,✅,
,03/01/2025,"€6,00","€0,00",Gasoline,💰 Checking,Portagens,✅,
,03/01/2025,"€29,99","€0,00",Gym Membership,💰 Checking,Ginásio,✅,
,03/01/2025,"€4,39","€0,00",Auto Maintenance,💰 Checking,Manteiga de Amendoim,✅,
,04/01/2025,"€40,00","€0,00",G,💳 Revolut,G,✅,
,04/01/2025,"€4,80","€0,00",Fun Money,💳 Revolut,IQADA velha,✅,
,05/01/2025,"€38,92","€0,00",Gasoline,💰 Checking,Gasóleo,✅,
,06/01/2025,"€1,04","€0,00",Auto Maintenance,💰 Checking,Manutenção de conta,✅,
,07/01/2025,"€14,00","€0,00",Auto Maintenance,💰 Checking,Viagens Metro,✅,
,07/01/2025,"€4,80","€0,00",Fun Money,💳 Revolut,IQADA Velha,✅,
,08/01/2025,"€1,85","€0,00",Fun Money,💰 Checking,Café c Roddy Rhodes,✅,
,09/01/2025,"€4,70","€0,00",Fun Money,💰 Checking,Café c Ditto e Titi,✅,
,09/01/2025,"€4,80","€0,00",Fun Money,💳 Revolut,IQADA velha,✅,
,09/01/2025,"€9,50","€0,00",G,💳 Revolut,Amber Leaf,✅,
,10/01/2025,,,,,,✅,
,11/01/2025,"€69,87","€0,00",Auto Maintenance,💳 Revolut,Piaçabas + Champôs + Máquina de Café + Devolução de 1 piaçaba,✅,
,11/01/2025,"€9,25","€0,00",Auto Maintenance,💰 Checking,Cópia chaves,✅,
,12/01/2025,"€11,10","€0,00",Auto Maintenance,💳 Revolut,Offshore c/ prod + iqada velha,✅,
,12/01/2025,"€2,14","€0,00",Auto Maintenance,💰 Checking,Abacaxi Mãe,✅,
,13/01/2025,"€6,03","€0,00",Auto Maintenance,💰 Checking,Compras Continente,✅,
,14/01/2025,"€4,80","€0,00",Fun Money,💳 Revolut,IQADA Velha,✅,
,15/01/2025,"€11,50","€0,00",Cell Phone Bill,💰 Checking,Carregamento Móvel,✅,
,15/01/2025,"€7,79","€0,00",ChatGPT,💳 Revolut,GPT subs,✅,
,15/01/2025,"€4,65","€0,00",Fun Money,💰 Checking,Café c Roddy Rhodes + Pão misto,✅,
,16/01/2025,"€2,10","€0,00",Fun Money,💰 Checking,Café c/ Eduardo,✅,
,16/01/2025,"€14,00","€0,00",Auto Maintenance,💰 Checking,Carregamento Andante,✅,
,16/01/2025,"€6,80","€0,00",Fun Money,💳 Revolut,IQADA Velha + Pão c chouriço,✅,
,18/01/2025,"€0,75","€0,00",Auto Maintenance,💰 Checking,Massa,✅,
,18/01/2025,"€15,27","€0,00",Auto Maintenance,💳 Revolut,Compras Pingo Doce,✅,
,18/01/2025,"€4,80","€0,00",Fun Money,💳 Revolut,IQADA Velha,✅,
,19/01/2025,"€26,57","€0,00",Gasoline,💳 Revolut,Gasosa ,✅,
,20/01/2025,"€5,00","€0,00",Auto Maintenance,💳 Revolut,Limpeza das botas,✅,
,21/01/2025,"€4,80","€0,00",Fun Money,💳 Revolut,IQADA Velha,✅,
,21/01/2025,"€1,85","€0,00",G,💳 Revolut,Talhas,✅,
,22/01/2025,"€3,65","€0,00",Fun Money,💰 Checking,Café para os pardais todos,✅,
,22/01/2025,"€1,20","€0,00",Fun Money,💳 Revolut,2 húngaros,✅,
,23/01/2025,"€4,37","€0,00",Gasoline,💰 Checking,Portagens,✅,
,23/01/2025,"€48,30","€0,00",Fun Money,💳 Revolut,TRW Subscription,✅,
,24/01/2025,"€2,59","€0,00",Auto Maintenance,💰 Checking,Chocolate e pão - PD,✅,
,24/01/2025,"€4,80","€0,00",Fun Money,💳 Revolut,IQADA Velha,✅,
,25/01/2025,"€2,60","€0,00",Fun Money,💳 Revolut,Café + Nata - fonte nova,✅,
,25/01/2025,"€23,24","€0,00",Auto Maintenance,💳 Revolut,Medicação para dormir + café + águas c gás Mercadona,✅,
,25/01/2025,"€4,94","€0,00",Fun Money,💳 Revolut,IQADA + água pequena,✅,
,26/01/2025,"€15,82","€0,00",Dining Out,💳 Revolut,Jantar Pizzarte,✅,
,26/01/2025,"€1,43","€1,50",Fun Money,💰 Checking,Pão Continente + Reembolso mãe,✅,
,27/01/2025,"€14,00","€0,00",Auto Maintenance,💳 Revolut,Passe metro,✅,
,28/01/2025,,,,,,✅,
,29/01/2025,"€0,00","€2 051,80",↕️ Account Transfer,💰 Checking,Vencimento,✅,
,29/01/2025,"€1 707,58","€0,00",↕️ Account Transfer,💰 Checking,BCP -> Revolut,✅,
,29/01/2025,"€0,00","€1 707,58",↕️ Account Transfer,💳 Revolut,BCP -> Revolut,✅,
,29/01/2025,"€5,79","€0,00",Fun Money,💳 Revolut,IQADA + Barra ,✅,
,30/01/2025,"€1,80","€0,00",Fun Money,💰 Checking,Lanche Misto,✅,
,30/01/2025,"€10,57","€29,20",Auto Maintenance,💳 Revolut,Compras continente - reembolso piaçabas ,✅,
,30/01/2025,"€4,42","€11,20",Fun Money,💳 Revolut,"Pagamento das 5 gs (foram 3,3 real) - reembolso Gs emprestadas",✅,
,31/01/2025,"€9,60","€0,00",Fun Money,💳 Revolut,IQADA Velha,✅,
,31/01/2025,"€27,10","€0,00",Auto Maintenance,💰 Checking,Compras para casa,✅,
,01/02/2025,"€7,15","€0,00",Fun Money,💰 Checking,Cinema c Rita + Inês,✅,
,02/02/2025,"€11,90","€0,00",Fun Money,💰 Checking,Flix Lisboa / Flix Porto,✅,
,03/02/2025,"€29,99","€0,00",Gym Membership,💰 Checking,Ginásio,✅,
,03/02/2025,"€3,00","€0,00",Auto Maintenance,💰 Checking,Arranjo camisa,✅,
,03/02/2025,"€4,65","€0,00",Gasoline,💰 Checking,Portagens,✅,
,03/02/2025,"€29,78","€0,00",Gasoline,💰 Checking,Gasosa,✅,
,04/02/2025,,,,,,,
,05/02/2025,"€4,05","€0,00",Fun Money,💰 Checking,Café + Húngaros c/ roddy + Croissant de chocolate,✅,
,05/02/2025,"€4,80","€0,00",Fun Money,💳 Revolut,IQADA velha,✅,
,05/02/2025,"€5,33","€0,00",Auto Maintenance,💰 Checking,Pão + Manteiga de amendoim,✅,
,06/02/2025,"€1,04","€0,00",Auto Maintenance,💰 Checking,Encargos de conta,✅,
,06/02/2025,"€30,00","€0,00",Auto Maintenance,💰 Checking,Passe Andante,✅,
,06/02/2025,"€28,00","€0,00",G,💳 Revolut,G,✅,
,06/02/2025,"€3,75","€0,00",Fun Money,💰 Checking,Café Ritual + Pão Misto Ritual,✅,
,06/02/2025,"€10,21","€0,00",Auto Maintenance,💰 Checking,Strepsils,✅,
,07/02/2025,"€2,80","€0,00",Auto Maintenance,💰 Checking,Viagens de metro,✅,
,07/02/2025,"€1,55","€0,00",Gasoline,💰 Checking,Portagens,✅,
,07/02/2025,"€2,25","€0,00",Fun Money,💰 Checking,Pão c fiambre,✅,
,07/02/2025,"€4,80","€0,00",Fun Money,💳 Revolut,IQADA Velha,✅,
,07/02/2025,"€27,38","€0,00",Dining Out,💰 Checking,Bebidas + francesinha + sangria,✅,
,08/02/2025,"€2,00","€0,00",Fun Money,💳 Revolut,Café Eduardo Foz,✅,
,09/02/2025,"€8,88","€0,00",Auto Maintenance,💰 Checking,Compras Pingo Doce,✅,
,09/02/2025,"€24,00","€0,00",Clothing,💳 Revolut,Chapéu Ralph,✅,
,10/02/2025,"€16,00","€0,00",Auto Maintenance,💰 Checking,Corte de Cabelo,✅,
,11/02/2025,"€1,55","€0,00",Gasoline,💰 Checking,Portagens,✅,
,11/02/2025,"€1,10","€0,00",Auto Maintenance,💰 Checking,Chá,✅,
,11/02/2025,"€2,25","€0,00",Fun Money,💰 Checking,Pão c fiambre,✅,
,12/02/2025,"€53,69","€50,00",Fun Money,💳 Revolut,Jordan Peterson + Reembolso,✅,
,12/02/2025,"€11,80","€0,00",Cell Phone Bill,💰 Checking,Carregamento Móvel,✅,
,12/02/2025,"€2,25","€0,00",Fun Money,💰 Checking,Pão c fiambre,✅,
,13/02/2025,"€10 400,00","€0,00",Emergency Fund,💳 Revolut,Certificados de Aforro,✅,
,13/02/2025,"€4,80","€0,00",Fun Money,💳 Revolut,IQADA velha,✅,
,14/02/2025,"€20,39","€0,00",Auto Maintenance,💰 Checking,Compras Pingo Doce + Lavagem Malhas,✅,
,15/02/2025,"€6,00","€0,00",Fun Money,💰 Checking,Finos,✅,
,15/02/2025,"€4,80","€0,00",Fun Money,💳 Revolut,IQADA velha,✅,
,16/02/2025,"€2,89","€0,00",Auto Maintenance,💰 Checking,Pasta dos dentes + 1 pão de mistura,✅,
,16/02/2025,"€24,90","€0,00",Clothing,💳 Revolut,Roupa de desporto,✅,
,17/02/2025,"€255,00","€0,00",Fun Money,💳 Revolut,Wireless Festival London bilhetes,✅,
,18/02/2025,"€26,28","€0,00",Fun Money,💰 Checking,Snob - CCV + IQADA velha,✅,
,18/02/2025,"€1,55","€0,00",Gasoline,💰 Checking,Portagens,✅,
,19/02/2025,"€2,20","€0,00",Fun Money,💰 Checking,Café + Nata,✅,
,20/02/2025,"€0,80","€0,00",Fun Money,💰 Checking,Cola 0 - CES,✅,
,21/02/2025,"€182,55","€0,00",Fun Money,💳 Revolut,Bilhetes Post,✅,
,21/02/2025,"€16,15","€0,00",G,💳 Revolut,Tabaco + Talhas + IQADA Velha,✅,
,21/02/2025,"€2,85","€0,00",Fun Money,💰 Checking,Pão Misto - Ritual,✅,
,22/02/2025,"€25,15","€0,00",Auto Maintenance,💰 Checking,Compras PD,✅,
,22/02/2025,"€13,90","€0,00",Auto Maintenance,💳 Revolut,Estendal,✅,
,23/02/2025,"€3,00","€0,00",Fun Money,💰 Checking,Aguas c gas Terraço c Prod,✅,
,23/02/2025,"€48,01","€0,00",Fun Money,💳 Revolut,TRW Subscription,✅,
,24/02/2025,"€375,00","€0,00",Auto Maintenance,💳 Revolut,Alinhadores Ferraz,✅,
,25/02/2025,"€4,65","€0,00",Gasoline,💰 Checking,Portagens,✅,
,25/02/2025,"€300,00","€0,00",Crypto,💳 Revolut,BTC,✅,
,25/02/2025,"€6,95","€0,00",Fun Money,💳 Revolut,Hungaros c Roddy e Zé + pao de agua + iqada velha,✅,
,26/02/2025,"€13,99","€0,00",Spotify,💳 Revolut,Spotify,✅,
,26/02/2025,"€0,00","€1 940,20",↕️ Account Transfer,💰 Checking,Vencimento,✅,
,26/02/2025,"€1 523,10","€0,00",↕️ Account Transfer,💰 Checking,BCP -> Revo,✅,
,26/02/2025,"€0,00","€1 523,10",↕️ Account Transfer,💳 Revolut,BCP -> Revo,✅,
,26/02/2025,"€0,35","€0,00",Fun Money,💰 Checking,Pão de água Ritual,✅,
,26/02/2025,"€325,00","€0,00",House Rent,💳 Revolut,Renda Fevereiro,✅,
,27/02/2025,"€1,20","€0,00",Fun Money,💰 Checking,Cola 0 + Pão em forma de croissant,✅,
,28/02/2025,"€9,46","€0,00",Auto Maintenance,💰 Checking,Compras Pingo Doce,✅,
,28/02/2025,"€53,70","€0,00",Fun Money,💰 Checking,Canecas + Prego galeto - Lisboa + despesas de gasosa ao prod,✅,
,28/02/2025,"€216,00","€0,00",Crypto,💳 Revolut,Cripto,✅,
,28/02/2025,"€9,60","€0,00",Fun Money,💳 Revolut,IQADA velha,✅,
,28/02/2025,"€3,30","€0,00",Fun Money,💳 Revolut,Lanche paragem de serviço,✅,
,01/03/2025,"€16,02","€0,00",Fun Money,💳 Revolut,Prenda Prod,✅,
,02/03/2025,"€48,69","€0,00",Gasoline,💰 Checking,"Gasosa a 1,599",✅,
,02/03/2025,"€1,05","€0,00",Auto Maintenance,💰 Checking,Pão,✅,
,02/03/2025,"€2,45","€0,00",Gasoline,💰 Checking,Portagens,✅,
,03/03/2025,"€29,99","€0,00",Gym Membership,💰 Checking,Mensalidade Ginásio,✅,
,03/03/2025,"€4,80","€0,00",Fun Money,💰 Checking,IQADA velha,✅,
,04/03/2025,"€12,96","€0,00",Dining Out,💰 Checking,Tasquinha do leitão c/ mãe + café offshore,✅,
,05/03/2025,"€30,00","€0,00",Auto Maintenance,💰 Checking,Passe Andante,✅,
,06/03/2025,"€5,60","€0,00",Fun Money,💰 Checking,Cola 0 + IQADA Velha,✅,
,07/03/2025,"€158,29","€0,00",Car Property Tax,💳 Revolut,IUC,✅,
,07/03/2025,"€1,55","€0,00",Gasoline,💰 Checking,Portagens,✅,
,07/03/2025,"€2,38","€0,00",Auto Maintenance,💰 Checking,Compras PD,✅,
,07/03/2025,"€40,00","€0,00",G,💳 Revolut,G,✅,
,08/03/2025,"€1,20","€0,00",Fun Money,💰 Checking,Café Parque da Cidade,✅,
,08/03/2025,"€4,80","€0,00",Fun Money,💳 Revolut,IQADA velha,✅,
,09/03/2025,"€5,54","€0,00",Auto Maintenance,💰 Checking,Compras pingo doce,✅,
,10/03/2025,"€1,55","€0,00",Gasoline,💰 Checking,Portagens,✅,
,10/03/2025,"€4,80","€0,00",Fun Money,💳 Revolut,IQADA velha,✅,
,11/03/2025,,,,,,,
,12/03/2025,"€3,50","€4,80",Fun Money,💰 Checking,Pagamento de fino ao Reis + Reembolso IQADA André,✅,
,12/03/2025,"€11,75","€0,00",Cell Phone Bill,💰 Checking,Carregamento Móvel,✅,
,12/03/2025,"€4,80","€0,00",Fun Money,💳 Revolut,IQADA velha,✅,
,12/03/2025,"€11,97","€0,00",Auto Maintenance,💰 Checking,Compras Pingo Doce,✅,
,13/03/2025,"€6,95","€0,00",Fun Money,💰 Checking,Café Ritual c malta + Cola 0,✅,
,13/03/2025,"€11,40","€0,00",Dining Out,💳 Revolut,Arroz de pato,✅,
,14/03/2025,"€2,25","€0,00",Fun Money,💰 Checking,Pão c fiambre ritual,✅,
,14/03/2025,"€4,80","€0,00",Fun Money,💳 Revolut,IQADA velha,✅,
,15/03/2025,"€17,20","€0,00",Dining Out,💰 Checking,Menu Run club foccacia + café c duda +panquecas c/ brocas,✅,
,15/03/2025,"€11,20","€0,00",G,💳 Revolut,Iqada velha + talhas,✅,
,16/03/2025,"€7,21","€0,00",Auto Maintenance,💰 Checking,Compras Pingo Doce + Compras Mercadona,✅,
,17/03/2025,"€2,45","€0,00",Gasoline,💰 Checking,Portagens,✅,
,18/03/2025,"€0,80","€0,00",Fun Money,💰 Checking,Cola 0 ,✅,
,19/03/2025,,,,,,,
,20/03/2025,"€9,15","€0,00",Dining Out,💰 Checking,Arroz de pato ábaco c/ Dito,✅,
,20/03/2025,"€350,00","€0,00",Auto Maintenance,💰 Checking,Renda março,✅,
,20/03/2025,"€40,00","€0,00",G,💳 Revolut,G,✅,
,21/03/2025,"€10,36","€0,00",Auto Maintenance,💰 Checking,Compras PD,✅,
,21/03/2025,"€9,80","€0,00",Fun Money,💳 Revolut,IQADA velha,✅,
,22/03/2025,"€0,00","€50,00",↕️ Account Transfer,💰 Checking,Prenda Silvinha,✅,
,22/03/2025,"€162,75","€0,00",Dining Out,💳 Revolut,Jantar Casarão,✅,
,22/03/2025,"€1,40","€0,00",Fun Money,💰 Checking,Bilhete Metro Mãe,✅,
,23/03/2025,"€4,00","€0,00",Fun Money,💰 Checking,Cafés c Tios,✅,
,23/03/2025,"€0,00","€180,00",↕️ Account Transfer,💳 Revolut,Prenda Mãe,✅,
,24/03/2025,"€16,00","€0,00",Auto Maintenance,💰 Checking,Barbeiro,✅,
,24/03/2025,"€16,00","€0,00",ChatGPT,💳 Revolut,GPT fevereiro e março,✅,
,24/03/2025,"€3,10","€0,00",Gasoline,💰 Checking,Portagens,✅,
,24/03/2025,"€37,21","€0,00",Gasoline,💰 Checking,Gasóleo,✅,
,,,,,,,,
,26/03/2025,"€46,54","€0,00",Fun Money,💳 Revolut,TRW Subscription,✅,
,26/03/2025,"€9,60","€0,00",Fun Money,💳 Revolut,IQADAs velhas,✅,
,26/03/2025,"€2,25","€0,00",Fun Money,💰 Checking,Pão c fiambre Ritual,✅,
,26/03/2025,"€22,22","€0,00",Auto Maintenance,💰 Checking,Compras PD,✅,
,27/03/2025,"€0,00","€1 913,60",↕️ Account Transfer,💰 Checking,Vencimento,✅,
,27/03/2025,"€1 752,97","€0,00",↕️ Account Transfer,💰 Checking,BCP -> Revo,✅,
,27/03/2025,"€0,00","€1 559,17",↕️ Account Transfer,💳 Revolut,BCP -> Revo,✅,
,27/03/2025,"€3,05","€0,00",Emergency Fund,💰 Checking,Cola 0 + Pão com fiambre,✅,
,28/03/2025,"€11,10","€0,00",G,💳 Revolut,Tabaco + talhas,✅,
,28/03/2025,"€5,54","€0,00",Auto Maintenance,💰 Checking,Compras PD,✅,
,28/03/2025,"€4,78","€0,00",Auto Maintenance,💰 Checking,Compras PD,✅,
,30/03/2025,"€10,00","€0,00",Fun Money,💰 Checking,Pagamento Inscrição GoGym Games,✅,
,30/03/2025,"€5,47","€0,00",Auto Maintenance,💰 Checking,Compras PD,✅,
,30/03/2025,"€9,60","€0,00",Emergency Fund,💳 Revolut,IQADAs velhas,✅,
,31/03/2025,,,,,,,
,01/04/2025,"€30,00","€0,00",Auto Maintenance,💰 Checking,Passe andante,✅,
,01/04/2025,"€197,48","€0,00",Vacations,💳 Revolut,Voos Londres + malas,✅,
,02/04/2025,"€4,65","€0,00",Gasoline,💰 Checking,Portagens,✅,
,02/04/2025,"€29,99","€0,00",Gym Membership,💰 Checking,Mensalidade Ginásio,✅,
,02/04/2025,"€2,25","€0,00",Fun Money,💳 Revolut,Pão de agua c fiambre - ritual,✅,
,02/04/2025,"€1,78","€0,00",Auto Maintenance,💰 Checking,Pudins prota PD,✅,
,03/04/2025,"€0,80","€0,00",Fun Money,💰 Checking,Cola 0 Almoço,✅,
,04/04/2025,"€1,04","€0,00",Auto Maintenance,💰 Checking,Manutenção de conta,✅,
,05/04/2025,"€14,91","€0,00",Auto Maintenance,💰 Checking,Compras PD,✅,
,05/04/2025,"€9,60","€0,00",Emergency Fund,💳 Revolut,IQADA Velha,✅,
,06/04/2025,,,,,,,
,07/04/2025,,,,,,,
,08/04/2025,"€11,40","€0,00",Cell Phone Bill,💰 Checking,Carregamento Móvel,✅,
,09/04/2025,"€5,65","€0,00",Dining Out,💰 Checking,Pequenço Almoço Ritual + Lanche funeral Pedro Coelho,✅,
,09/04/2025,"€37,96","€0,00",Gasoline,💰 Checking,Gasóleo,✅,
,10/04/2025,"€0,80","€0,00",Fun Money,💰 Checking,Cola 0,✅,
,10/04/2025,"€467,00","€0,00",Crypto,💳 Revolut,Cripto,✅,
,10/04/2025,"€9,60","€0,00",Fun Money,💳 Revolut,IQADA Velha,✅,
,11/04/2025,"€35,90","€0,00",Dining Out,💳 Revolut,Jantar Cantinho do Sushi,✅,
,11/04/2025,"€0,30","€0,00",Fun Money,💳 Revolut,Café Decatlhon,✅,
,11/04/2025,"€7,90","€0,00",Fun Money,💰 Checking,Bolsa Decathlon,✅,
,11/04/2025,"€7,11","€0,00",Auto Maintenance,💰 Checking,Compras PD,✅,
,11/04/2025,"€14,00","€0,00",Dining Out,💰 Checking,Jantar Pizzarte,✅,
,11/04/2025,,,,,,,
,12/04/2025,,,,,,,
,13/04/2025,,,,,,,
,14/04/2025,"€9,60","€0,00",Fun Money,💳 Revolut,IQADA Velha,✅,
,15/04/2025,"€40,00","€0,00",G,💳 Revolut,G,✅,
,16/04/2025,"€4,65","€0,00",Gasoline,💰 Checking,Portagens,✅,
,16/04/2025,"€23,93","€0,00",Dining Out,💰 Checking,Jantar Yuko,✅,
,17/04/2025,"€9,80","€0,00",Dining Out,💰 Checking,Almoço empresa + cola,✅,
,18/04/2025,"€34,50","€0,00",Fun Money,💰 Checking,Prenda Ruben,✅,
,18/04/2025,"€16,00","€17,25",Fun Money,💳 Revolut,Café + Reembolso prenda Ruben - RP,✅,
,18/04/2025,"€4,99","€5,00",Fun Money,💰 Checking,Reis comprou-me IQADA,✅,
,18/04/2025,"€9,60","€0,00",Fun Money,💳 Revolut,IQADA Velha,✅,
,19/04/2025,"€1,60","€0,00",Fun Money,💰 Checking,Café,✅,
,20/04/2025,"€8,51","€0,00",Auto Maintenance,💰 Checking,Compras PD,✅,
,21/04/2025,"€7,90","€0,00",Fun Money,💰 Checking,Terraço c kiki e Rubenx + bilhete de cinema Sinners,✅,
,21/04/2025,"€5,50","€0,00",Auto Maintenance,💰 Checking,Lavagem carro,✅,
,21/04/2025,"€24,99","€0,00",Gasoline,💰 Checking,Gasosa,✅,
,21/04/2025,"€9,60","€0,00",Fun Money,💳 Revolut,IQADA velha,✅,
,22/04/2025,"€2,25","€0,00",Fun Money,💰 Checking,Italiano c/ fiambre,✅,
,22/04/2025,"€19,15","€0,00",Dining Out,💰 Checking,Jantar despedida Carlão,✅,
,23/04/2025,"€6,20","€0,00",Gasoline,💰 Checking,Portagens,✅,
,23/04/2025,"€44,04","€0,00",Fun Money,💳 Revolut,TRW Subscription,✅,
,23/04/2025,"€20,00","€0,00",Fun Money,💰 Checking,Dorsal Meia-Maratona,✅,
,24/04/2025,"€161,34","€0,00",Clothing,💳 Revolut,Sapatilhas Aboutyou,✅,
,24/04/2025,"€9,60","€0,00",Fun Money,💳 Revolut,IQADA velha,✅,
,25/04/2025,"€0,00","€3 477,78",↕️ Account Transfer,💰 Checking,Vencimento + Bónus,✅,
,25/04/2025,"€3 004,34","€0,00",↕️ Account Transfer,💰 Checking,Transf BCP -> Revo,✅,
,25/04/2025,"€0,00","€3 004,42",↕️ Account Transfer,💳 Revolut,Transf BCP -> Revo,✅,
,25/04/2025,"€6,40","€0,00",Fun Money,💳 Revolut,Cervejas baixa mr pizza,✅,
,26/04/2025,"€15,45","€0,00",Dining Out,💰 Checking,Almoço Av Républica c Andrews,✅,
,26/04/2025,"€11,90","€0,00",Auto Maintenance,💰 Checking,Mantimentos Meia Maratona,✅,
,27/04/2025,"€34,90","€0,00",Fun Money,💳 Revolut,Fotos meia maratona,✅,
,27/04/2025,"€1,45","€0,00",Fun Money,💰 Checking,Batatas fritas pós meia,✅,
,28/04/2025,"€9,60","€0,00",Fun Money,💳 Revolut,IQADA velha,✅,
,29/04/2025,"€375,00","€0,00",House Rent,💳 Revolut,Renda Abril,✅,
,29/04/2025,"€8,17","€0,00",Auto Maintenance,💰 Checking,Compras PD,✅,
,30/04/2025,"€10,99","€0,00",Auto Maintenance,💰 Checking,Subscrição anual goodnotes,✅,
,30/04/2025,"€2,25","€0,00",Fun Money,💰 Checking,Pão c fiambre - ritual,✅,
,01/05/2025,"€3,00","€0,00",Fun Money,💰 Checking,Finos Porto,✅,
,01/05/2025,"€127,98","€40,00",Clothing,💳 Revolut,Calças + Sapatilhas + Prenda da minha irmã,✅,
,02/05/2025,"€30,00","€0,00",Auto Maintenance,💰 Checking,Passe,✅,
,03/05/2025,"€5,15","€0,00",Gasoline,💰 Checking,Portagens,✅,
,03/05/2025,"€1,50","€0,00",Auto Maintenance,💰 Checking,Água run club,✅,
,04/05/2025,"€40,00","€0,00",G,💳 Revolut,G,✅,
,04/05/2025,"€29,76","€0,00",Auto Maintenance,💰 Checking,Compras PD,✅,
,05/05/2025,"€29,99","€0,00",Gym Membership,💰 Checking,Mensalidade Ginásio,✅,
,05/05/2025,"€9,60","€0,00",Fun Money,💳 Revolut,IQADA velha,✅,
,06/05/2025,"€1,04","€0,00",Auto Maintenance,💰 Checking,Manutenção de conta,✅,
,06/05/2025,"€10,13","€0,00",Cell Phone Bill,💰 Checking,Carregamento móvel,✅,
,07/05/2025,"€15,63","€0,00",Auto Maintenance,💰 Checking,Compras PD,✅,
,07/05/2025,"€3,10","€0,00",Gasoline,💰 Checking,Portagens,✅,
,08/05/2025,"€2,60","€0,00",Fun Money,💰 Checking,Natas c Eduardo,✅,
,08/05/2025,,,,,,✅,
,09/05/2025,"€90,60","€0,00",Fun Money,💳 Revolut,IQADA velha,✅,
,09/05/2025,"€18,30","€0,00",Dining Out,💰 Checking,Uber Eats,✅,
,10/05/2025,"€20,00","€0,00",Fun Money,💰 Checking,Café + espresso social hub,✅,
,11/05/2025,"€12,06","€0,00",Auto Maintenance,💰 Checking,Compras PD,✅,
,12/05/2025,"€16,00","€0,00",Auto Maintenance,💰 Checking,Barbeiro,✅,
,12/05/2025,"€43,10","€0,00",Gasoline,💰 Checking,Gasóleo,✅,
,12/05/2025,"€15,81","€0,00",Fun Money,💰 Checking,Bilhetes Flix Coimbra Guns,✅,
,13/05/2025,"€60,00","€0,00",Auto Maintenance,💰 Checking,Multa Missa 7o Dia Coelho,✅,
,13/05/2025,"€0,00","€61,00",Crypto,💰 Checking,Levantamento para pagar a multa,✅,
,14/05/2025,"€450,00","€0,00",House Rent,💳 Revolut,Renda Maio,✅,
,14/05/2025,"€13,00","€0,00",Fun Money,💰 Checking,Escalada c coelho,✅,
,15/05/2025,"€2,90","€0,00",Fun Money,💰 Checking,Cola 0 Almoço + pao de agua c fiambre,✅,
,15/05/2025,"€9,60","€0,00",Fun Money,💳 Revolut,IQADA velha,✅,
,16/05/2025,"€3,15","€0,00",Gasoline,💰 Checking,Portagens,✅,
,17/05/2025,"€61,30","€0,00",Dining Out,💰 Checking,Almoço Vila do conde + Casa Guedes,✅,
,17/05/2025,"€15,00","€0,00",Fun Money,💳 Revolut,Night out,✅,
,17/05/2025,"€24,52","€0,00",Auto Maintenance,💰 Checking,Compras PD,✅,
,21/05/2025,"€2,38","€0,00",Auto Maintenance,💰 Checking,Tomates Cherry,✅,
,21/05/2025,"€1,85","€0,00",Fun Money,💰 Checking,Café c Zé,✅,
,21/05/2025,"€40,00","€0,00",Auto Maintenance,💰 Checking,Dentista Arrábida,✅,
,22/05/2025,"€0,80","€0,00",Fun Money,💰 Checking,Cola 0 ,✅,
,22/05/2025,"€9,60","€0,00",Fun Money,💳 Revolut,IQADA,✅,
,22/05/2025,"€25,00","€0,00",Dining Out,💰 Checking,Francesinha Daniel Santiago,✅,
,23/05/2025,"€0,00","€2 205,49",↕️ Account Transfer,💰 Checking,Reembolso IRS,✅,
,23/05/2025,"€2 205,49","€0,00",↕️ Account Transfer,💰 Checking,BCP -> Revo,✅,
,23/05/2025,"€0,00","€2 205,49",↕️ Account Transfer,💳 Revolut,BCP -> Revo,✅,
,23/05/2025,"€29,40","€0,00",Dining Out,💰 Checking,Jantar Fabricio + David,✅,
,24/05/2025,"€5,31","€0,00",Clothing,💰 Checking,Meias Decatlhon,✅,
,24/05/2025,"€18,50","€0,00",Fun Money,💳 Revolut,Café Malawi,✅,
,24/05/2025,"€44,29","€0,00",Fun Money,💳 Revolut,The Real World Subscription,✅,
,24/05/2025,"€3,45","€0,00",Fun Money,💰 Checking,Pao c chouriço + Fino after show,✅,
,25/05/2025,"€7,04","€0,00",Auto Maintenance,💰 Checking,Compras PD,✅,
,26/05/2025,"€100,00","€0,00",Auto Maintenance,💳 Revolut,Ferraz Alinhadores,✅,
,26/05/2025,"€9,60","€0,00",Fun Money,💳 Revolut,IQADA Velha,✅,
,27/05/2025,"€10,52","€0,00",Auto Maintenance,💰 Checking,Compras PD,✅,
,28/05/2025,"€0,00","€1 958,60",↕️ Account Transfer,💰 Checking,Vencimento,✅,
,28/05/2025,"€1 534,84","€0,00",↕️ Account Transfer,💰 Checking,BCP -> Revo,✅,
,28/05/2025,"€0,00","€1 534,84",↕️ Account Transfer,💳 Revolut,BCP -> Revo,✅,
,29/05/2025,"€2,28","€0,00",Auto Maintenance,💰 Checking,Compras PD,✅,
,30/05/2025,"€10,04","€0,00",Auto Maintenance,💰 Checking,Compras PD,✅,
,31/05/2025,"€8,70","€0,00",Fun Money,💰 Checking,Água + Multa estacionamento,✅,
,31/05/2025,"€6,16","€0,00",Auto Maintenance,💰 Checking,Compras PD,✅,
,31/05/2025,"€0,00","€2,70",Auto Maintenance,💳 Revolut,Compras PD - parte do André,✅,
,31/05/2025,"€16,30","€0,00",Fun Money,💳 Revolut,Talhas + amber leaf + iqada,✅,
,01/06/2025,"€19,82","€0,00",Auto Maintenance,💳 Revolut,Visto UK,✅,
,02/06/2025,"€36,96","€0,00",Gasoline,💰 Checking,Gasóleo,✅,
,02/06/2025,"€60,00","€0,00",G,💳 Revolut,G,✅,
,02/06/2025,"€0,75","€0,00",Fun Money,💰 Checking,Descafeínado bomba,✅,
,02/06/2025,"€30,00","€0,00",Auto Maintenance,💰 Checking,Andante,✅,
,03/06/2025,"€29,99","€0,00",Gym Membership,💰 Checking,Ginásio,✅,
,03/06/2025,"€4,65","€0,00",Gasoline,💰 Checking,Portagens,✅,
,03/06/2025,"€2,25","€0,00",Fun Money,💰 Checking,Pão c fiambre ritual,✅,
,04/06/2025,"€1,04","€0,00",Auto Maintenance,💰 Checking,Manutenção de conta,✅,
,05/06/2025,"€11,80","€0,00",Cell Phone Bill,💰 Checking,Carregamento móvel,✅,
,05/06/2025,"€19,00","€0,00",Dining Out,💰 Checking,Jantar Londrina c Tony,✅,
,06/06/2025,"€10,00","€0,00",Fun Money,💳 Revolut,IQADA Velha,✅,
,06/06/2025,"€8,89","€0,00",Auto Maintenance,💰 Checking,Compras PD,✅,
,06/06/2025,"€5,00","€0,00",Fun Money,💰 Checking,Pão c chouriço Guns,✅,
,07/06/2025,"€5,00","€0,00",Fun Money,💰 Checking,Special Force c Pina,✅,
,07/06/2025,"€8,82","€0,00",Fun Money,💰 Checking,Cienema + Agua Pedras c parsas,✅,
,07/06/2025,"€10,00","€0,00",Fun Money,💳 Revolut,IQADA Velha,✅,
,08/06/2025,"€6,50","€0,00",Fun Money,💰 Checking,Prenda Coelho,✅,
,08/06/2025,"€1,55","€0,00",Gasoline,💰 Checking,Portagens,✅,
,09/06/2025,"€5,00","€0,00",Fun Money,💰 Checking,Arranjo relógio,✅,
,10/06/2025,,,,,,,
,11/06/2025,"€2,25","€0,00",Fun Money,💰 Checking,pao c fiambre ritual,✅,
,11/06/2025,"€6,61","€0,00",Auto Maintenance,💰 Checking,Compras PD,✅,
,11/06/2025,"€14,50","€0,00",Clothing,💰 Checking,Limpeza casaco saccoor,✅,
,12/06/2025,"€5,40","€0,00",Fun Money,💰 Checking,Café à malta,✅,
,12/06/2025,"€27,48","€0,00",Dining Out,💰 Checking,Jantar de equipa museu d'avó,✅,
,12/06/2025,"€10,00","€0,00",Fun Money,💳 Revolut,IQADA Velha,✅,
,13/06/2025,"€384,00","€0,00",House Rent,💳 Revolut,Renda Junho,✅,
,13/06/2025,"€27,50","€0,00",Dining Out,💰 Checking,Sr Matosinhos,✅,
,14/06/2025,"€1,50","€0,00",Auto Maintenance,💰 Checking,Água run club,✅,
,14/06/2025,"€1,65","€0,00",G,💳 Revolut,Talhas,✅,
,14/06/2025,"€1,77","€0,00",Auto Maintenance,💰 Checking,Compras Mercadona mãe,✅,
,15/06/2025,"€5,85","€0,00",Gasoline,💰 Checking,Portagens,✅,
,15/06/2025,"€10,00","€0,00",Fun Money,💳 Revolut,IQADA Velha,✅,
,16/06/2025,,,,,,,
,17/06/2025,"€8,98","€0,00",Fun Money,💳 Revolut,Fotos Corrida São João,✅,
,18/06/2025,"€10,89","€0,00",Cell Phone Bill,💰 Checking,Carregamento Móvel + cobrança prime,✅,
,18/06/2025,"€3,85","€0,00",Fun Money,💰 Checking,Pão c fiambre Ritual + Cola 0 Almoço,✅,
,19/06/2025,"€4,40","€0,00",Fun Money,💰 Checking,Finos Ed. Transparente,✅,
,19/06/2025,"€12,00","€0,00",Gasoline,💰 Checking,Gasóleo,✅,
,19/06/2025,"€80,00","€0,00",G,💳 Revolut,G,✅,
,20/06/2025,"€8,49","€0,00",Auto Maintenance,💰 Checking,compras PD,✅,
,21/06/2025,,,,,,✅,
,22/06/2025,"€17,65","€0,00",Auto Maintenance,💰 Checking,Compras mercadona + tape decathlon,✅,
,22/06/2025,"€12,00","€0,00",Fun Money,💳 Revolut,IQADA Velha + café c Reis,✅,
,22/06/2025,"€285,00","€0,00",Vacations,💰 Checking,Disney Bilhetes,✅,
,23/06/2025,"€16,00","€0,00",Auto Maintenance,💰 Checking,Barbeiro,✅,
,23/06/2025,"€25,00","€0,00",Gasoline,💰 Checking,Gasóleo,✅,
,23/06/2025,"€4,65","€0,00",Gasoline,💰 Checking,Portagens,✅,
,23/06/2025,"€10,80","€0,00",Fun Money,💰 Checking,São João,✅,
,23/06/2025,"€11,60","€0,00",Fun Money,💳 Revolut,Despesa casa giggs + Mc Almoço,✅,
,24/06/2025,"€43,29","€0,00",Fun Money,💳 Revolut,TRW Subscription,✅,
,24/06/2025,"€7,86","€0,00",Auto Maintenance,💰 Checking,Compras PD,✅,
,25/06/2025,"€22,30","€0,00",Vacations,💰 Checking,Gerês,✅,
,25/06/2025,"€4,80","€0,00",Fun Money,💰 Checking,Talhas + IQOS,✅,
,25/06/2025,"€2,65","€0,00",Fun Money,💳 Revolut,Talhas + IQOS,✅,
,26/06/2025,"€0,00","€3 719,60",↕️ Account Transfer,💰 Checking,Vencimento + Subsidio de Férias,✅,
,26/06/2025,"€3 245,00","€0,00",↕️ Account Transfer,💰 Checking,BCP -> Revo,✅,
,26/06/2025,"€0,00","€3 245,00",↕️ Account Transfer,💳 Revolut,BCP -> Revo,✅,
,26/06/2025,"€2,25","€0,00",Fun Money,💰 Checking,Pao de agua Ritual,✅,
,26/06/2025,"€6,00","€0,00",Clothing,💰 Checking,Bainha calças,✅,
,27/06/2025,"€9,90","€0,00",G,💳 Revolut,Amber Leaf,✅,
,27/06/2025,"€5,00","€0,00",Fun Money,💰 Checking,IQADA Velha,✅,
,28/06/2025,,,,,,,
,29/06/2025,,,,,,,
,30/06/2025,"€12,00","€0,00",Fun Money,💳 Revolut,Offshore água + iqada,✅,
,30/06/2025,"€2,90","€0,00",Fun Money,💰 Checking,Lanche Ondaflor Barra,✅,
,01/07/2025,"€30,00","€0,00",Auto Maintenance,💰 Checking,Passe metro,✅,
,01/07/2025,"€5,77","€0,00",Auto Maintenance,💰 Checking,Compras PD,✅,
,02/07/2025,"€6,20","€0,00",Gasoline,💰 Checking,Portagens,✅,
,02/07/2025,"€450,00","€0,00",House Rent,💳 Revolut,Renda Julho,✅,
,03/07/2025,"€41,99","€0,00",Gym Membership,💰 Checking,Mensalidade Gym,✅,
,03/07/2025,"€10,30","€0,00",Dining Out,💰 Checking,Kebab + cafés,✅,
,04/07/2025,"€10,00","€0,00",Fun Money,💳 Revolut,IQADA Velha,✅,
,04/07/2025,"€5,66","€0,00",Auto Maintenance,💰 Checking,Compras PD,✅,
,05/07/2025,"€29,50","€0,00",Fun Money,💰 Checking,Café Moka,✅,
,06/07/2025,"€9,33","€0,00",Auto Maintenance,💰 Checking,Compras PD,✅,
,07/07/2025,"€100,00","€0,00",Auto Maintenance,💳 Revolut,Ferraz,✅,
,07/07/2025,"€120,00","€0,00",Car,💳 Revolut,Chaves do bote,✅,
,07/07/2025,"€80,00","€0,00",G,💳 Revolut,G,✅,
,07/07/2025,"€35,80","€0,00",Gasoline,💰 Checking,"Gasóleo 1,499",✅,
,07/07/2025,"€89,20","€0,00",Vacations,💳 Revolut,Resto Casa Gerês,✅,
,08/07/2025,,,,,,,
,09/07/2025,"€0,90","€0,00",Gasoline,💰 Checking,Portagens,✅,
,09/07/2025,"€0,80","€0,00",Fun Money,💰 Checking,Cola 0,✅,
,09/07/2025,"€20,00","€0,00",Fun Money,💳 Revolut,IQADA Velha,✅,
,09/07/2025,"€2,25","€0,00",Fun Money,💰 Checking,Pão c fiambre - ritual,✅,
,09/07/2025,"€2,49","€0,00",Auto Maintenance,💰 Checking,Compras PD,✅,
,10/07/2025,,,,,,,
,11/07/2025,,,,,,,
,12/07/2025,,,,,,,
,13/07/2025,,,,,,,
,14/07/2025,"€347,58","€0,00",Vacations,💳 Revolut,Despesas em viagem + alojamento + uber,✅,
,14/07/2025,"€18,24","€0,00",Vacations,💰 Checking,Transfer London - Stan + Metro,✅,
,14/07/2025,"€4,27","€0,00",Auto Maintenance,💰 Checking,Compras PD,✅,
,14/07/2025,"€3,56","€0,00",↕️ Account Transfer,💰 Checking,Reembolso André PD,✅,
,14/07/2025,"€0,00","€3,56",↕️ Account Transfer,💳 Revolut,Reembolso André PD,✅,
,15/07/2025,,,,,,✅,
,16/07/2025,,,,,,✅,
,17/07/2025,"€11,80","€0,00",Cell Phone Bill,💰 Checking,Carregamento Telemóvel,✅,
,18/07/2025,,,,,,✅,
,19/07/2025,,,,,,✅,
,20/07/2025,"€219,35","€0,00",Vacations,💳 Revolut,Gerês - Gastos grupo revolut + Fotos mota de água + gelados + gasosa,✅,
,20/07/2025,"€16,00","€0,00",Fun Money,💰 Checking,Escalada + iqada,✅,
,21/07/2025,"€18,46","€0,00",Auto Maintenance,💰 Checking,Compras PD,✅,
,22/07/2025,"€36,53","€0,00",Auto Maintenance,💰 Checking,Compras PD,✅,
,22/07/2025,"€13,76","€0,00",Auto Maintenance,💰 Checking,Compras PD,✅,
,22/07/2025,"€4,98","€0,00",Fun Money,💰 Checking,Flix Lisa,✅,
,23/07/2025,"€1,55","€0,00",Gasoline,💰 Checking,Portagens,✅,
,23/07/2025,"€16,92","€0,00",Car,💳 Revolut,Uber Ida + Volta - Revisão carro,✅,
,23/07/2025,"€349,79","€0,00",Car,💳 Revolut,Revisão Carro,✅,
,23/07/2025,"€10,00","€0,00",Fun Money,💳 Revolut,IQADA Velha,✅,
,23/07/2025,"€42,83","€0,00",Fun Money,💳 Revolut,TRW Subscription,✅,
,23/07/2025,"€5,00","€0,00",Auto Maintenance,💰 Checking,Parque CES,✅,
,24/07/2025,"€2,25","€0,00",Fun Money,💰 Checking,Italiano c Fiambre,✅,
,25/07/2025,"€1,30","€0,00",Auto Maintenance,💰 Checking,Pão,✅,
,25/07/2025,"€29,29","€0,00",Dining Out,💰 Checking,Jantar churrasqueira + fino + agua,✅,
,25/07/2025,"€6,92","€0,00",Fun Money,💳 Revolut,Uber Casa after dinner,✅,
,26/07/2025,"€2,25","€0,00",Fun Money,💳 Revolut,Águas RunClub,✅,
,26/07/2025,"€54,49","€0,00",Gasoline,💰 Checking,"Gasosa 1,529",✅,
,26/07/2025,"€2,13","€0,00",Auto Maintenance,💰 Checking,Bananas + pão,✅,
,27/07/2025,"€10,00","€0,00",Fun Money,💳 Revolut,IQADA Velha,✅,
,28/07/2025,"€2,60","€0,00",G,💳 Revolut,Talhas + Estacionamento carro,✅,
,29/07/2025,"€0,00","€1 949,40",↕️ Account Transfer,💰 Checking,Vencimento,✅,
,29/07/2025,"€1 442,93","€0,00",↕️ Account Transfer,💰 Checking,BCP -> Revo,✅,
,29/07/2025,"€0,00","€1 443,93",↕️ Account Transfer,💳 Revolut,BCP -> Revo,✅,
,30/07/2025,"€71,25","€0,00",G,💳 Revolut,G,✅,
,31/07/2025,"€8,73","€0,00",Dining Out,💰 Checking,Almoço Ábaco c Tony,✅,
,01/08/2025,"€18,51","€0,00",Auto Maintenance,💰 Checking,Compras Jantar,✅,
,01/08/2025,"€6,20","€0,00",Gasoline,💰 Checking,Portagens,✅,
,01/08/2025,"€10,00","€0,00",Fun Money,💳 Revolut,IQADA Velha,✅,
,02/08/2025,"€8,22","€0,00",Dining Out,💳 Revolut,Uber eats tabuada,✅,
,02/08/2025,"€16,00","€0,00",Auto Maintenance,💰 Checking,Barbeiro,✅,
,03/08/2025,"€29,99","€0,00",Gym Membership,💰 Checking,Ginásio,✅,
,04/08/2025,"€30,00","€0,00",Auto Maintenance,💰 Checking,Andante,✅,
,04/08/2025,"€7,00","€0,00",Fun Money,💰 Checking,Café c Maria,✅,
,04/08/2025,"€2,00","€0,00",Auto Maintenance,💰 Checking,Parque entrevista Deloitte,✅,
,04/08/2025,"€1,69","€0,00",Auto Maintenance,💰 Checking,Creme Balsâmico,✅,
,05/08/2025,"€15,00","€0,00",Fun Money,💳 Revolut,IQADA Velha,,
,05/08/2025,"€19,97","€0,00",Clothing,💰 Checking,Roupa ,,
,,,,,,,,
,10/08/2025,"€350,00","€0,00",House Rent,💳 Revolut,Renda Agosto,✅,
,11/08/2025,"€471,62","€0,00",Car Insurance,💳 Revolut,Seguro Bote,✅,
,16/08/2025,"€343,62","€0,00",Vacations,💳 Revolut,Gastos Miami,✅,
,16/08/2025,"€3,10","€0,00",Gasoline,💰 Checking,Portagens,✅,
,16/08/2025,"€18,48","€0,00",Vacations,💰 Checking,Flix Porto,✅,
,16/08/2025,"€11,80","€0,00",Cell Phone Bill,💰 Checking,Carregamento Móvel,✅,
,16/08/2025,"€5,00","€0,00",Fun Money,💳 Revolut,IQADA,✅,
,16/08/2025,"€19,30","€0,00",Dining Out,💰 Checking,Jantar Casa Prod,✅,
,17/08/2025,"€8,35","€0,00",Fun Money,💳 Revolut,Cinema,✅,
,17/08/2025,"€0,95","€0,00",Auto Maintenance,💰 Checking,Pão,✅,
,18/08/2025,"€100,00","€0,00",Auto Maintenance,💳 Revolut,Consulta Ferraz alinhadores,✅,
,18/08/2025,,,,,,,
,19/08/2025,,,,,,,
,20/08/2025,"€2,25","€0,00",Fun Money,💰 Checking,Pão de água c fiambre,✅,
,20/08/2025,"€5,78","€0,00",Auto Maintenance,💰 Checking,Compras Pingo Doce,✅,
,21/08/2025,"€5,49","€0,00",Auto Maintenance,💰 Checking,Pão misto + compras PD,✅,
,21/08/2025,"€14,90","€0,00",G,💳 Revolut,IQADA + Amber Leaf,✅,
,22/08/2025,"€11,07","€0,00",Auto Maintenance,💰 Checking,Compras Farmácia,✅,
,22/08/2025,"€1,55","€0,00",Gasoline,💰 Checking,Portagens,✅,
,23/08/2025,"€37,00","€0,00",Fun Money,💰 Checking,Café + filtros,✅,
,23/08/2025,"€2,77","€0,00",Auto Maintenance,💰 Checking,Compras PD,✅,
,23/08/2025,"€42,64","€0,00",Fun Money,💰 Checking,TRW Subscription,✅,
,24/08/2025,"€80,00","€0,00",G,💰 Checking,G,✅,
,24/08/2025,"€44,98","€0,00",Gasoline,💰 Checking,Gasóleo,✅,
,25/08/2025,"€25,16","€0,00",Auto Maintenance,💰 Checking,Compras PD,✅,
,26/08/2025,"€6,00","€0,00",Clothing,💰 Checking,Arranjo calças fato,✅,
,26/08/2025,"€28,79","€0,00",Fun Money,💰 Checking,Prenda Casamento padrinho,✅,
,26/08/2025,"€144,95","€0,00",Fun Money,💳 Revolut,Prenda Casamento padrinho,✅,
,27/08/2025,"€0,00","€2 086,60",↕️ Account Transfer,💰 Checking,Vencimento,✅,
,27/08/2025,"€1 645,26","€0,00",↕️ Account Transfer,💰 Checking,BCP -> Revo,✅,
,27/08/2025,"€0,00","€1 645,26",↕️ Account Transfer,💳 Revolut,BCP -> Revo,✅,
,27/08/2025,"€20,80","€0,00",Dining Out,💰 Checking,Jantar despedida dudu + agua,✅,
,28/08/2025,"€29,98","€0,00",Clothing,💰 Checking,Gravatas casamento,,
,29/08/2025,,,,,,,
,30/08/2025,"€24,56","€0,00",Dining Out,💰 Checking,Jantar Vagueira Teles + André + fino,✅,
,31/08/2025,"€10,00","€0,00",Fun Money,💳 Revolut,IQADA Velha,✅,
,01/09/2025,"€9,72","€0,00",Fun Money,💰 Checking,Prenda Kiki,✅,
,01/09/2025,"€30,00","€0,00",Auto Maintenance,💰 Checking,Andante,✅,
,01/09/2025,"€4,65","€0,00",Gasoline,💰 Checking,Portagens,✅,
,02/09/2025,"€29,99","€0,00",Gym Membership,💰 Checking,Ginásio,✅,
,02/09/2025,"€9,07","€0,00",Auto Maintenance,💰 Checking,Compras PD,✅,
,03/09/2025,"€11,90","€0,00",Cell Phone Bill,💰 Checking,Carregamento móvel,✅,
,04/09/2025,"€17,00","€0,00",Dining Out,💰 Checking,"Ze das feveras - casados, kiki, rubenx, ricky",✅,
,04/09/2025,"€10,00","€0,00",Fun Money,💳 Revolut,IQADA Velha,✅,
,05/09/2025,"€15,95","€0,00",Auto Maintenance,💰 Checking,Compras pingo doce + desodorizante,✅,
,06/09/2025,"€18,00","€0,00",Dining Out,💳 Revolut,Almoço pizza foz after RC + água ,✅,
,07/09/2025,"€32,10","€0,00",Gasoline,💰 Checking,Gasóleo,✅,
,07/09/2025,"€64,50","€0,00",Auto Maintenance,💰 Checking,Análises,✅,
,08/09/2025,"€11,60","€0,00",Fun Money,💳 Revolut,IQADA Velha + Talhas,✅,
,09/09/2025,"€23,62","€0,00",Fun Money,💰 Checking,Eu.Clides Sala Mouco,✅,
,10/09/2025,"€1,38","€0,00",Fun Money,💰 Checking,Pão,✅,
,10/09/2025,"€7,62","€0,00",Fun Money,💰 Checking,Ferro,✅,
,11/09/2025,"€0,00","€1 500,00",↕️ Account Transfer,💳 Revolut,Reembolso Propinas,✅,
,12/09/2025,"€22,50","€0,00",Dining Out,💰 Checking,Jantar Maia Famalicão,✅,
,12/09/2025,"€10,00","€0,00",Fun Money,💳 Revolut,IQADA Velha,✅,
,12/09/2025,"€12,00","€0,00",Fun Money,💰 Checking,Competição Cross,✅,
,13/09/2025,"€22,50","€0,00",Dining Out,💰 Checking,Jantar Anos Avó,✅,
,13/09/2025,"€19,50","€0,00",Auto Maintenance,💰 Checking,Consulta Hospital da Luz,✅,
,14/09/2025,"€22,38","€0,00",Dining Out,💰 Checking,Almoço Lisa Posty,✅,
,14/09/2025,"€14,35","€0,00",Fun Money,💳 Revolut,Café + Água + Finos Posty,✅,
,15/09/2025,"€11,10","€0,00",Gasoline,💰 Checking,Portagens,✅,
,15/09/2025,"€5,50","€0,00",Auto Maintenance,💰 Checking,Análises merae + ecg,✅,
,16/09/2025,"€6,50","€0,00",Fun Money,💰 Checking,Descafeínado BP + IQADA Velha,✅,
,16/09/2025,"€69,00","€0,00",G,💳 Revolut,G + melada,✅,
,16/09/2025,"€5,00","€0,00",Fun Money,💳 Revolut,Finadas ferro,✅,
,17/09/2025,"€2,97","€0,00",Fun Money,💳 Revolut,Uber Corrida Porto,✅,
,18/09/2025,"€3,00","€0,00",Fun Money,💰 Checking,Treino Hyrox Aveiro,✅,
,18/09/2025,"€16,00","€0,00",Auto Maintenance,💰 Checking,Barbeiro,✅,
,18/09/2025,"€5,00","€0,00",Fun Money,💰 Checking,IQADA velha,✅,
,19/09/2025,"€12,00","€0,00",Auto Maintenance,💰 Checking,Análises Celíaco,✅,
,20/09/2025,"€50,00","€0,00",Auto Maintenance,💰 Checking,Colonoscopia,✅,
,20/09/2025,"€3,40","€0,00",Fun Money,💰 Checking,Pequeno Almoço continente oiã,✅,
,20/09/2025,"€13,75","€0,00",Fun Money,💰 Checking,Prenda Carolina,✅,
,20/09/2025,"€5,00","€0,00",Fun Money,💳 Revolut,IQADA Velha,✅,
,21/09/2025,"€9,22","€0,00",Fun Money,💳 Revolut,Prenda Reis,✅,
,21/09/2025,"€5,50","€0,00",Auto Maintenance,💳 Revolut,Lavagem do Carro,✅,
,21/09/2025,"€1,19","€0,00",Fun Money,💰 Checking,Aquaris para rita que não quis,✅,
,22/09/2025,"€21,82","€0,00",Auto Maintenance,💰 Checking,Compras PD + Farmácia,✅,
,22/09/2025,"€5,15","€0,00",Gasoline,💰 Checking,Portagens,✅,
,23/09/2025,"€116,51","€0,00",Fun Money,💳 Revolut,Viagem BCN,✅,
,23/09/2025,"€42,59","€0,00",Fun Money,💳 Revolut,TRW Subscription,✅,
,23/09/2025,"€10,00","€0,00",Fun Money,💳 Revolut,IQADA Velha,✅,
,24/09/2025,"€2,85","€0,00",Fun Money,💰 Checking,Pão de agua misto,✅,
,25/09/2025,"€1,80","€0,00",Fun Money,💰 Checking,Cola 0,✅,
,26/09/2025,"€0,00","€2 151,80",↕️ Account Transfer,💰 Checking,Vencimento,✅,
,26/09/2025,"€1 677,00","€0,00",↕️ Account Transfer,💰 Checking,BCP -> Revo,✅,
,26/09/2025,"€0,00","€1 677,00",↕️ Account Transfer,💳 Revolut,BCP -> Revo,✅,
,26/09/2025,"€1,38","€0,00",Auto Maintenance,💰 Checking,Pão,✅,
,27/09/2025,"€2,00","€0,00",Fun Money,💰 Checking,Power Rade,✅,
,27/09/2025,"€16,90","€0,00",Dining Out,💰 Checking,Jantar pré cinema,✅,
,27/09/2025,"€16,18","€0,00",Fun Money,💳 Revolut,Cinema + IQADA + água,✅,
,27/09/2025,"€450,00","€0,00",House Rent,💳 Revolut,Renda Setembro,✅,
,28/09/2025,,,,,,,
,29/09/2025,"€100,00","€0,00",Auto Maintenance,💳 Revolut,Ferraz,✅,
,29/09/2025,"€41,57","€0,00",Gasoline,💰 Checking,Gasóleo,✅,
,30/09/2025,"€6,32","€0,00",Auto Maintenance,💰 Checking,Compras PD,✅,
,30/09/2025,"€2,50","€0,00",Fun Money,💳 Revolut,Fino Ferro,✅,
,01/10/2025,"€86,98","€0,00",Fun Money,💰 Checking,Tame Impala ,✅,
,01/10/2025,"€30,00","€0,00",Auto Maintenance,💰 Checking,Andante,✅,
,01/10/2025,"€11,28","€0,00",Cell Phone Bill,💰 Checking,Carregamento móvel,✅,
,02/10/2025,"€4,65","€0,00",Gasoline,💰 Checking,Portagens,✅,
,02/10/2025,"€10,00","€0,00",Fun Money,💰 Checking,IQADA Velha,✅,
,03/10/2025,"€23,82","€0,00",Dining Out,💰 Checking,Jantar Taberna ,✅,
,04/10/2025,"€29,99","€0,00",Gym Membership,💰 Checking,Ginásio,✅,
,04/10/2025,"€1,04","€0,00",Auto Maintenance,💰 Checking,Manutenção de conta,✅,
,04/10/2025,"€30,00","€0,00",Fun Money,💰 Checking,Café,✅,
,04/10/2025,"€27,59","€0,00",Auto Maintenance,💰 Checking,Proteína,✅,
,05/10/2025,"€6,33","€0,00",Auto Maintenance,💰 Checking,Compras PD,✅,
,06/10/2025,"€11,60","€0,00",Fun Money,💳 Revolut,IQADA Velha + Talhas,✅,
,07/10/2025,"€1,55","€0,00",Gasoline,💰 Checking,Portagens,✅,
,07/10/2025,"€27,92","€0,00",Auto Maintenance,💰 Checking,Preparação Colo,✅,
,08/10/2025,"€55,00","€0,00",Fun Money,💳 Revolut,Bilhetes Salvador BCN,✅,
,08/10/2025,"€2,10","€0,00",Fun Money,💰 Checking,Pão c queijo ritual,✅,
,08/10/2025,"€1,55","€0,00",Gasoline,💰 Checking,Portagens,✅,
,09/10/2025,"€0,85","€0,00",Fun Money,💰 Checking,Pleno Tisanas,✅,
,10/10/2025,"€0,00","€22,00",Fun Money,💰 Checking,Tony comprou eu.clides,✅,
,10/10/2025,"€4,22","€0,00",Auto Maintenance,💰 Checking,Compras PD,✅,
,10/10/2025,"€10,00","€0,00",Fun Money,💳 Revolut,IQADA Velha,✅,
,11/10/2025,,,,,,,
,12/10/2025,"€80,00","€0,00",G,💳 Revolut,G,✅,
,13/10/2025,"€2,46","€0,00",Fun Money,💳 Revolut,Subscrição Cubinho,✅,
,14/10/2025,"€7,62","€0,00",Fun Money,💰 Checking,Ferro,✅,
,15/10/2025,"€10,00","€0,00",Fun Money,💳 Revolut,IQADA Velha,✅,
,15/10/2025,"€2,85","€0,00",Fun Money,💰 Checking,Pão de agua misto,✅,
,16/10/2025,"€3,10","€0,00",Gasoline,💰 Checking,Portagens,✅,
,16/10/2025,"€26,40","€0,00",Clothing,💳 Revolut,Meias,✅,
,16/10/2025,"€8,40","€0,00",Fun Money,💰 Checking,Café Ritual,✅,
,17/10/2025,"€52,11","€0,00",Clothing,💳 Revolut,Sweatshirt Levi's,✅,
,,,,,,,,
,19/10/2025,"€243,59","€0,00",Vacations,💳 Revolut,Viagem Barcelona,✅,
,20/10/2025,,,,,,,
,21/10/2025,"€10,25","€0,00",Auto Maintenance,💰 Checking,Compras PD,✅,
,21/10/2025,"€10,00","€0,00",Fun Money,💰 Checking,IQADA Velha,✅,
,22/10/2025,"€8,81","€0,00",Dining Out,💰 Checking,Ábaco,✅,
,22/10/2025,"€2,45","€0,00",Gasoline,💰 Checking,Portagens,✅,
,22/10/2025,"€2,85","€0,00",Fun Money,💰 Checking,Pao Misto Ritual,✅,
,23/10/2025,"€0,80","€0,00",Fun Money,💰 Checking,Cola 0,✅,
,23/10/2025,"€5,70","€0,00",Auto Maintenance,💰 Checking,Compras PD,✅,
,23/10/2025,"€25,00","€0,00",Dining Out,💰 Checking,Casa do Carmo - despedida,✅,
,23/10/2025,"€21,95","€0,00",Dining Out,💳 Revolut,Taskinha do Alex + Hungaros,✅,
,23/10/2025,"€43,29","€0,00",Fun Money,💳 Revolut,TRW Subscription,✅,
,24/10/2025,"€450,00","€0,00",House Rent,💳 Revolut,Renda,✅,
,24/10/2025,"€10,00","€0,00",Fun Money,💳 Revolut,IQADA Velha,✅,
,25/10/2025,"€19,50","€0,00",Auto Maintenance,💰 Checking,Consulta Cliria,✅,
,25/10/2025,"€5,00","€0,00",Fun Money,💰 Checking,Treino Pina Special Force,✅,
,25/10/2025,"€15,00","€0,00",Dining Out,💰 Checking,Festa de Anos amigo Coelho,✅,
,25/10/2025,"€11,25","€0,00",Auto Maintenance,💰 Checking,Pensos herpes,✅,
,25/10/2025,"€104,01","€44,61",Auto Maintenance,💳 Revolut,Medicamentos Bactéria,✅,
,27/10/2025,"€1,20","€0,00",Fun Money,💰 Checking,Café Barra,✅,
,28/10/2025,"€16,00","€0,00",Auto Maintenance,💰 Checking,Barbeiro,✅,
,28/10/2025,"€1,50","€0,00",Fun Money,💰 Checking,Café c mãe,✅,
,28/10/2025,"€6,03","€0,00",Gasoline,💰 Checking,Gasóleo,✅,
,28/10/2025,"€2,00","€0,00",Fun Money,💰 Checking,Treino Nas Ideias,✅,
,29/10/2025,"€0,00","€6 710,77",↕️ Account Transfer,💰 Checking,Vencimento,✅,
,29/10/2025,"€6 099,56","€0,00",↕️ Account Transfer,💰 Checking,BCP -> Revo,✅,
,29/10/2025,"€0,00","€6 099,06",↕️ Account Transfer,💳 Revolut,BCP -> Revo,✅,
,29/10/2025,"€9,89","€0,00",Cell Phone Bill,💰 Checking,Carregamento Móvel,✅,
,30/10/2025,"€7,80","€0,00",Fun Money,💰 Checking,Comboio,✅,
,30/10/2025,"€2,00","€0,00",Fun Money,💰 Checking,Treino Hyrox Estêvão,✅,
,30/10/2025,"€98,04","€0,00",Clothing,💳 Revolut,Roupa Saccoor,✅,
,31/10/2025,"€9,85","€0,00",Auto Maintenance,💰 Checking,Compras PD + água,✅,
,01/11/2025,"€32,00","€0,00",Fun Money,💰 Checking,Café,✅,
,01/11/2025,"€10,00","€0,00",Fun Money,💳 Revolut,IQADA Velha,✅,
,01/11/2025,"€9,90","€0,00",G,💰 Checking,Onça,✅,
,02/11/2025,"€9,09","€0,00",Auto Maintenance,💰 Checking,Compras PD,✅,
,02/11/2025,"€5,50","€0,00",Auto Maintenance,💰 Checking,Lavagem carro,✅,
,02/11/2025,"€50,51","€0,00",Gasoline,💰 Checking,Gasóleo,✅,
,02/11/2025,"€30,00","€0,00",Auto Maintenance,💰 Checking,Andante,✅,
,03/11/2025,"€10,00","€0,00",Dining Out,💰 Checking,Almoço Deloitte,✅,
,03/11/2025,"€29,99","€0,00",Gym Membership,💰 Checking,Ginásio,✅,
,04/11/2025,"€3,10","€0,00",Gasoline,💰 Checking,Portagens,✅,
,05/11/2025,"€1,04","€0,00",Auto Maintenance,💰 Checking,Manutenção de conta,✅,
,06/11/2025,"€10,00","€0,00",Fun Money,💳 Revolut,Corrida valencia + dstrkt,✅,
,06/11/2025,"€4,99","€0,00",Fun Money,💳 Revolut,Amazon prime,✅,
,06/11/2025,"€11,60","€0,00",Fun Money,💳 Revolut,IQADA + Talhas,✅,
,07/11/2025,"€10,00","€0,00",Clothing,💰 Checking,Arranjo Calças Mira,✅,
,08/11/2025,"€5,00","€0,00",Fun Money,💰 Checking,Treino Special Force,✅,
,08/11/2025,"€3,90","€0,00",Fun Money,💰 Checking,Comboio porto p ver casa,✅,
,08/11/2025,"€100,00","€0,00",Auto Maintenance,💳 Revolut,Aparelho Ferraz,✅,
,09/11/2025,"€6,56","€0,00",Fun Money,💳 Revolut,Compras Mãe + Powerade - reembolso Pina Powerade,✅,
,10/11/2025,"€3,10","€0,00",Gasoline,💰 Checking,Portagens,✅,
,10/11/2025,"€2,82","€0,00",Auto Maintenance,💰 Checking,Compras PD,✅,
,11/11/2025,"€15,00","€0,00",Dining Out,💰 Checking,Almoço Deloitte Braga,✅,
,11/11/2025,"€7,99","€0,00",Fun Money,💳 Revolut,GPT,✅,
,11/11/2025,"€5,00","€0,00",Fun Money,💳 Revolut,IQADA Velha,✅,
,12/11/2025,,,,,,,
,13/11/2025,,,,,,,
,14/11/2025,"€24,81","€0,00",Auto Maintenance,💰 Checking,Compras PD,✅,
,15/11/2025,"€18,50","€5,00",Fun Money,💰 Checking,Saída DSTRKT + reembolso entrada Mia,✅,
,15/11/2025,"€3,30","€0,00",Fun Money,💳 Revolut,Cabide DSTRKT,✅,
,15/11/2025,"€5,98","€0,00",Fun Money,💳 Revolut,Uber,✅,
,16/11/2025,"€10,74","€0,00",Fun Money,💰 Checking,Banda Amizade,✅,
,16/11/2025,"€9,00","€5,00",Auto Maintenance,💰 Checking,Compras Mercadona + Reembolso mãe,✅,
,16/11/2025,"€5,00","€5,00",Fun Money,💳 Revolut,Corrida Pista crc + reembolso Meia Valência,✅,
,16/11/2025,"€10,00","€0,00",Fun Money,💳 Revolut,IQADA Velha,✅,
,17/11/2025,"€3,10","€0,00",Gasoline,💰 Checking,Portagens,✅,
,18/11/2025,,,,,,,
,19/11/2025,"€15,80","€0,00",Dining Out,💰 Checking,Francesinha Camada Delo,✅,
,20/11/2025,"€5,12","€0,00",Auto Maintenance,💰 Checking,Compras PD,✅,
,20/11/2025,"€11,60","€0,00",Fun Money,💳 Revolut,IQADA + Talhas,✅,
,21/11/2025,"€1,50","€0,00",Fun Money,💳 Revolut,Água pevide CRC,✅,
,21/11/2025,"€44,50","€0,00",Fun Money,💰 Checking,Café + Café Maria + Filtros,✅,
,21/11/2025,"€75,71","€0,00",Auto Maintenance,💰 Checking,perfumes + Mercadona,✅,
,22/11/2025,"€40,85","€0,00",Gasoline,💰 Checking,Gasóleo,✅,
,22/11/2025,"€44,07","€0,00",Fun Money,💰 Checking,TRW Subscription,✅,
,23/11/2025,"€450,00","€0,00",House Rent,💳 Revolut,Renda Novembro,✅,
,24/11/2025,"€10,00","€0,00",Fun Money,💳 Revolut,IQADA Velha,✅,
,24/11/2025,"€7,62","€0,00",Fun Money,💰 Checking,Ferro,✅,
,24/11/2025,"€5,88","€0,00",Auto Maintenance,💰 Checking,Compras PD,✅,
,25/11/2025,"€239,94","€0,00",Clothing,💳 Revolut,Tilhas cross + running,✅,
,25/11/2025,"€8,00","€0,00",Fun Money,💰 Checking,Fino Ferro + Volta a paranhos,✅,
,25/11/2025,"€19,85","€0,00",Dining Out,💰 Checking,Almoço Cerqueira Aliados - Delo + uber,✅,
,25/11/2025,"€2 728,41","€0,00",↕️ Account Transfer,💰 Checking,Vencimento Dezembro Delo,✅,
,25/11/2025,"€2 308,89","€0,00",↕️ Account Transfer,💰 Checking,BCP -> Revo,✅,
,25/11/2025,"€0,00","€2 308,89",↕️ Account Transfer,💳 Revolut,BCP -> Revo,✅,
,26/11/2025,"€11,80","€0,00",Cell Phone Bill,💰 Checking,Carregamento móvel,✅,
,26/11/2025,,,,,,,
,27/11/2025,"€9,02","€0,00",Auto Maintenance,💰 Checking,Compras PD,✅,
,28/11/2025,"€30,00","€0,00",Fun Money,💳 Revolut,Gomas,✅,
,28/11/2025,"€62,30","€0,00",Fun Money,💰 Checking,Prenda Natal Mãe,✅,
,29/11/2025,"€26,98","€0,00",Clothing,💰 Checking,Meias,✅,
,29/11/2025,"€100,07","€0,00",Clothing,💳 Revolut,Camisolas + calções,✅,
,29/11/2025,"€10,00","€0,00",Fun Money,💳 Revolut,IQADA velha,✅,
,29/11/2025,"€9,71","€0,00",Auto Maintenance,💰 Checking,Compras PD + Café Carolina,✅,
,29/11/2025,"€89,90","€0,00",G,💳 Revolut,G + Amber L,✅,
,01/12/2025,"€1,20","€0,00",Fun Money,💰 Checking,Descafeínado,✅,
,01/12/2025,"€6,20","€0,00",Gasoline,💰 Checking,Portagens,✅,
,02/12/2025,"€12,52","€0,00",Fun Money,💰 Checking,Prenda Tony,✅,
,02/12/2025,"€30,00","€0,00",Auto Maintenance,💰 Checking,Passe Andante,✅,
,02/12/2025,"€29,99","€0,00",Gym Membership,💰 Checking,Ginásio,✅,
,03/12/2025,"€2,20","€0,00",Fun Money,💳 Revolut,Latte Starbucks,✅,
,04/12/2025,"€1,04","€0,00",Auto Maintenance,💰 Checking,Manutenção de conta,✅,
,05/12/2025,"€10,00","€0,00",Fun Money,💳 Revolut,IQADA velha,✅,
,06/12/2025,"€16,00","€0,00",Auto Maintenance,💰 Checking,Barbeiro,✅,
,06/12/2025,"€9,40","€0,00",Dining Out,💰 Checking,Ramona c/ Pina,✅,
,07/12/2025,"€4,98","€0,00",Auto Maintenance,💰 Checking,Chaves,✅,
,07/12/2025,"€25,00","€0,00",Dining Out,💰 Checking,Jantar Gym,✅,
,07/12/2025,"€1,80","€0,00",Dining Out,💳 Revolut,Fino Jantar Gym,✅,
,08/12/2025,"€10,00","€0,00",Dining Out,💳 Revolut,Francesinha Pós Corrida Paranhos,✅,
,09/12/2025,"€3,10","€0,00",Gasoline,💰 Checking,Portagens,✅,
,09/12/2025,"€6,88","€0,00",Auto Maintenance,💰 Checking,Compras PD,✅,
,09/12/2025,"€10,00","€0,00",Fun Money,💳 Revolut,IQADA velha,✅,
,10/12/2025,"€3,20","€0,00",Fun Money,💳 Revolut,Starbucks,✅,
,11/12/2025,"€32,21","€0,00",Fun Money,💰 Checking,Conversas de Miguel - Rosa Mota,✅,
,12/12/2025,"€7,99","€0,00",ChatGPT,💳 Revolut,GPT,✅,
,12/12/2025,"€19,06","€0,00",Dining Out,💰 Checking,Francesinha Tappas CES,✅,
,13/12/2025,"€10,00","€0,00",Fun Money,💳 Revolut,IQADA Velha,✅,
,14/12/2025,"€6,07","€0,00",Auto Maintenance,💰 Checking,Compras Mercadona,✅,
,14/12/2025,"€6,00","€0,00",Fun Money,💰 Checking,Drop In Special Force c/ Pina + Água Bakery Club,✅,
,15/12/2025,"€31,77","€0,00",Dining Out,💰 Checking,Jantar Treze Por Cento RC,✅,
,15/12/2025,"€47,97","€0,00",Fun Money,💳 Revolut,Prenda Rita,✅,
,15/12/2025,"€750,00","€0,00",Auto Maintenance,💳 Revolut,Curso Code For All,✅,
,15/12/2025,"€5,00","€0,00",Fun Money,💳 Revolut,Pista 17/12,✅,
,15/12/2025,"€3,43","€0,00",Auto Maintenance,💰 Checking,Compras PD,✅,
,15/12/2025,"€3,10","€0,00",Gasoline,💰 Checking,Portagens,✅,
,16/12/2025,"€21,60","€0,00",Fun Money,💳 Revolut,Technada PDA,✅,
,17/12/2025,"€40,00","€0,00",Fun Money,💳 Revolut,Matosinhos Throwdown,✅,
,17/12/2025,"€400,00","€0,00",House Rent,💳 Revolut,Renda Dezembro,✅,
,17/12/2025,"€8,41","€0,00",Auto Maintenance,💰 Checking,Compras PD,✅,
,17/12/2025,"€11,60","€0,00",Fun Money,💰 Checking,IQADA Velha + Talhas,✅,
,18/12/2025,"€2,96","€0,00",Fun Money,💳 Revolut,Starbucks,✅,
,18/12/2025,"€87,67","€0,00",G,💳 Revolut,Brincadeirinhas,✅,
,18/12/2025,"€2,46","€0,00",Fun Money,💰 Checking,Cubinho Patreon,✅,
,19/12/2025,"€9,75","€0,00",Dining Out,💰 Checking,Camada Deloitte,✅,
,19/12/2025,"€41,42","€0,00",Fun Money,💳 Revolut,Ida a Lisboa - Deloitte,✅,
,20/12/2025,"€2,00","€0,00",Fun Money,💳 Revolut,Mercados de Natal Matosinhos,✅,
,21/12/2025,"€10,00","€0,00",Fun Money,💳 Revolut,IQADA Velha,✅,
,21/12/2025,"€2,71","€0,00",Auto Maintenance,💰 Checking,Compras PD,✅,
,21/12/2025,"€53,21","€0,00",Gasoline,💰 Checking,Gasosa,✅,
,22/12/2025,"€3,10","€0,00",Gasoline,💰 Checking,Portagens,✅,
,22/12/2025,"€150,00","€0,00",Auto Maintenance,💳 Revolut,Alinhadores Ferraz,✅,
,22/12/2025,"€42,10","€0,00",Dining Out,💰 Checking,Solar do Condado ,✅,
,23/12/2025,"€0,00","€1 654,58",↕️ Account Transfer,💰 Checking,Vencimento,✅,
,23/12/2025,"€1 180,37","€0,00",↕️ Account Transfer,💰 Checking,BCP -> Revo,✅,
,23/12/2025,"€0,00","€1 180,37",↕️ Account Transfer,💳 Revolut,BCP -> Revo,✅,
,23/12/2025,"€42,58","€0,00",Fun Money,💳 Revolut,TRW Subscription,✅,
,24/12/2025,"€0,00","€350,00",↕️ Account Transfer,💳 Revolut,Prenda Tio Mário + Mãe + Tios,✅,
,25/12/2025,,,,,,✅,
,26/12/2025,"€12,10","€0,00",Dining Out,💰 Checking,Jantar Vito,✅,
,27/12/2025,"€6,30","€1,30",Fun Money,💰 Checking,Fino Teles + Special Force Pina,✅,
,28/12/2025,"€12,90","€0,00",Dining Out,💳 Revolut,Jantar Wilson S Silvestre,✅,
,29/12/2025,"€80,31","€0,00",Fun Money,💳 Revolut,Logitech Mx Keys,✅,
,29/12/2025,"€9,21","€0,00",Auto Maintenance,💰 Checking,Compras Mercadona,✅,
,29/12/2025,"€10,00","€0,00",Fun Money,💳 Revolut,IQADAA Velha,✅,
,29/12/2025,"€29,99","€0,00",Auto Maintenance,💰 Checking,Proteína,✅,
,29/12/2025,"€38,00","€0,00",Fun Money,💰 Checking,Prenda Rui Pedro + Impressão,✅,
,30/12/2025,"€27,36","€0,00",Auto Maintenance,💰 Checking,Ferro,✅,
,30/12/2025,"€36,00","€0,00",Dining Out,💰 Checking,Jantar Rui Pedro + Finos,✅,
,31/12/2025,"€30,00","€0,00",Auto Maintenance,💰 Checking,Andante,✅,
,31/12/2025,"€28,80","€0,00",Fun Money,💳 Revolut,PDA ,✅,
,01/01/2026,"€10,00","€0,00",Fun Money,💳 Revolut,IQADA Velha,✅,
,01/01/2026,"€29,99","€0,00",Gym Membership,💰 Checking,Ginásio,✅,
,02/01/2026,"€4,80","€0,00",Gasoline,💰 Checking,Portagens,✅,
,03/01/2026,"€5,00","€0,00",Fun Money,💳 Revolut,Pista 7/01,✅,
,03/01/2026,"€6,25","€0,00",Dining Out,💳 Revolut,Kebab c André,✅,
,03/01/2026,"€325,00","€0,00",House Rent,💳 Revolut,Renda Janeiro,✅,
,04/01/2026,"€5,00","€0,00",Fun Money,💰 Checking,Special Force Pina,✅,
,04/01/2026,"€10,19","€0,00",Auto Maintenance,💰 Checking,Compras Mercadona,✅,
,05/01/2026,"€30,00","€0,00",Spotify,💳 Revolut,Spotify 2025,✅,
,05/01/2026,"€7,00","€0,00",Auto Maintenance,💰 Checking,Compras PD,✅,
,06/01/2026,"€9,90","€0,00",G,💳 Revolut,Amber Leaf,✅,
,07/01/2026,"€12,20","€0,00",Fun Money,💳 Revolut,Latte Starbucks + IQADA Velha,✅,
,07/01/2026,"€14,86","€0,00",Dining Out,💰 Checking,Porcão Deloitte,✅,
,08/01/2026,"€4,65","€0,00",Gasoline,💰 Checking,Portagens,✅,
,09/01/2026,"€1,04","€0,00",Auto Maintenance,💰 Checking,Manutenção de conta,✅,
,10/01/2026,"€2,00","€0,00",Fun Money,💳 Revolut,Água CRC,✅,
,10/01/2026,"€8,42","€0,00",Auto Maintenance,💰 Checking,Compras Mercadona,✅,
,11/01/2026,"€11,48","€0,00",Fun Money,💳 Revolut,IQADA Velha + Powerade,✅,
,11/01/2026,"€51,46","€0,00",Gasoline,💰 Checking,Gasóleo,✅,
,11/01/2026,"€7,99","€0,00",ChatGPT,💳 Revolut,Subscrição GPT,✅,
,11/01/2026,"€5,00","€0,00",Fun Money,💰 Checking,Special Force Pina,✅,
,12/01/2026,"€64,00","€0,00",G,💳 Revolut,G,✅,
,12/01/2026,"€38,76","€0,00",Auto Maintenance,💰 Checking,Compras PD + Arranjo Costureira,✅,
,13/01/2026,,,,,,,
,14/01/2026,"€3,90","€0,00",Fun Money,💰 Checking,Starbucks Delo,✅,
,14/01/2026,"€2,60","€0,00",Fun Money,💳 Revolut,Croissant c fiambre Delo,✅,
,15/01/2026,"€3,55","€0,00",Gasoline,💰 Checking,Portagens,✅,
,16/01/2026,"€10,00","€0,00",Fun Money,💳 Revolut,IQADA Velha,✅,
,17/01/2026,"€16,11","€0,00",Dining Out,💰 Checking,Almoço c Mãe,✅,
,17/01/2026,"€1,50","€0,00",Fun Money,💳 Revolut,Fino festa barrocas,✅,
,18/01/2026,"€5,28","€0,00",Auto Maintenance,💰 Checking,Compras PD + Mercadona,✅,
,19/01/2026,,,,,,,
,20/01/2026,,,,,,,
,21/01/2026,"€11,80","€0,00",Cell Phone Bill,💰 Checking,Carregamento Móvel,✅,
,21/01/2026,"€12,01","€0,00",Dining Out,💰 Checking,Almoço + starbucks,✅,
,21/01/2026,"€10,00","€0,00",Fun Money,💳 Revolut,IQADA Velha,✅,
,21/01/2026,"€88,00","€0,00",Dining Out,💳 Revolut,Yakuza,✅,
,22/01/2026,"€5,00","€0,00",Fun Money,💳 Revolut,Sprints RC,✅,
,23/01/2026,"€3,20","€0,00",Gasoline,💰 Checking,Portagens,✅,
,24/01/2026,"€3,50","€0,00",Fun Money,💰 Checking,Cerveja phd Pissarra,✅,